NUM,CODE,Country,Continent,Cluster,Human_population_2010,Cov,Cov_L,Cov_U,mRP,lRP,uRP,Coverage,HDI,pop,PP,PPl,PPu,BI,BI_L,BI_U,LL,LLpc,LLpcU,LLpcL,L.cost.per,NTVcost,HRIGcost,ERIGcost,TCVcost,Num.1,Code,RISK,NTV,TCV_IM,TCV_ID,HRIG,ERIG,SMP,SMB,ND_NTV,ND_IM,ND_ID,NC_NTV,NC_IM,NC_ID,NTRAV,TRAV_U,TRAV_R,WK_LOST,DVAC,DVAC_C,DSTE,DSTE_C,DKIL,DKIL_C,CAT,CAT_C,TEST,TEST_C,CODE_GDP,GDP.US.,US..I.,FIRST_CONSULT,SUB_CONSULT,WHO,TRAVEL
12,COG,Congo,Africa,Congo,3759000,0,0,0,0.742146196,0.632520561,0.827799266,0,0.533,3759000,0.971291965,0.956708362,0.980890431,0.001333152,0.001284031,0.00195446,294.104525,7.82E-05,1.61E-05,0.000657121,763.2666667,0.379489713,234.0454485,69.22610823,20.47795568,12,COG,1,0,1,0,0,0,NA,NA,14,4,5,NA,4,NA,4,20,100,NA,6.28E-05,1.2,0,0,3.77E-06,5,3.91E-05,500,0,16,COG,2983.467,0.673968468,10.06895809,7.385732372,AFRE,0.037285812
15,DJI,Djibouti,Africa,NorthAfrica,879000,0,0,0,0.742146196,0.632520561,0.827799266,0,0.43,879000,0.895820636,0.824187082,0.937417702,0.00195446,0.0002486,0.003353,748.3206325,0.000851332,0.000175261,0.007142173,763.2666667,0.379489713,234.0454485,30.91181177,14.23235617,15,DJI,1,0,1,0,0,0,NA,NA,14,5,5,NA,NA,NA,5,10,80,NA,0,1.43,9.66E-05,9.66E-05,0.00096556,5,0.000413387,500,1.08E-05,16,DJI,1383.053,0.541417646,4.151806496,3.04627648,EMRD,0.018372243
18,ERI,Eritrea,Africa,NorthAfrica,5222000,0,0,0,0.742146196,0.632520561,0.827799266,0,0.349,5222000,0.74543011,0.567722653,0.861361752,0.00195446,0.0002486,0.003353,4298.498628,0.000823152,0.00016946,0.006905759,763.2666667,0.379489713,234.0454485,30.91181177,14.23235617,18,ERI,1,0,1,0,0,0,NA,NA,14,5,5,NA,NA,NA,5,10,100,NA,0,1.43,9.66E-05,9.66E-05,0.00096556,5,0.000399703,500,1.08E-05,16,ERI,397.719,0.583981722,3.884191597,2.849113021,AFRE,0.040097182
44,SOM,Somalia,Africa,NorthAfrica,9359000,0,0,0,0.742146196,0.632520561,0.827799266,0,0.284,9359000,0.552291583,0.313508474,0.756082789,0.00195446,0.0002486,0.003353,15482.91789,0.001654335,0.000340573,0.013878894,763.2666667,0.379489713,234.0454485,30.91181177,14.23235617,44,SOM,1,0,1,0,0,0,NA,NA,14,5,5,NA,NA,NA,5,20,100,NA,0,1.43,9.66E-05,9.66E-05,0.00096556,5,9.72E-05,500,1.08E-05,16,ERI,397.719,0.583981722,2.972466966,2.180967782,EMRD,0.017519452
113,NPL,Nepal,Asia,Asia_3,29852000,0,0,0,0.742146196,0.632520561,0.827799266,0,0.458,29852000,0.925807651,0.880287896,0.954049877,0.00335,0.000455,0.00483,14101.56653,0.000472383,9.76E-05,0.003949447,685,0.379489713,113.6913472,42.87103506,13.13502631,113,NPL,1,0,1,0,0,0,NA,NA,14,5,5,NA,NA,NA,5,10,80,NA,0.001088704,1.245,1.36E-06,1.36E-06,0.000401983,5,0.000203041,685,7.70E-07,16,NPL,561.872,0.442196407,1.917528855,1.405727988,SEARD,0.023174659
46,SDN,Sudan,Africa,NorthAfrica,43194000,0,0,0,0.742146196,0.632520561,0.827799266,0,0.408,43194000,0.865185292,0.770627217,0.921182864,0.0002486,0.0002486,0.003353,92411.86406,0.002139461,0.000442688,0.0178611,763.2666667,0.379489713,234.0454485,30.91181177,14.23235617,46,SDN,1,0,1,0,0,0,NA,NA,14,5,5,NA,NA,NA,5,20,100,NA,0.000142404,1.43,9.66E-05,9.66E-05,0.000130319,5,0.00108208,500,6.32E-06,16,SDN,1705.316,0.684414535,5.552653738,4.074110509,EMRD,0.022628309
2,AGO,Angola,Africa,Congo,18992000,0,0,0,0.742146196,0.632520561,0.827799266,0,0.486,18992000,0.947667434,0.916108609,0.966472913,0.001333152,0.001284031,0.00195446,7442.373573,0.000391869,8.23E-05,0.003223659,763.2666667,0.379489713,234.0454485,69.22610823,20.47795568,2,AGO,1,0,1,0,0,0,NA,NA,14,5,5,NA,NA,NA,5,20,100,NA,0.000376827,1.5,0,0,3.77E-06,5,0.000193647,500,6.32E-07,16,AGO,4477.653,0.795010294,11.61687072,8.521773872,AFRD,0.036056186
4,BWA,Botswana,Africa,SADC,1978000,0,0,0,0.742146196,0.632520561,0.827799266,0,0.633,1978000,0.992243029,0.98818987,0.995125174,0.001493561,0.0003772,0.004230129,4500.369299,0.002275212,0.000478021,0.018716738,584.6666667,0.379489713,234.0454485,132.8449541,24.96490768,4,BWA,1,0,1,0,0,0,NA,NA,14,4,5,NA,NA,NA,4,10,80,NA,0.000402914,1.5,4.03E-08,4.03E-08,4.03E-06,20,0.00114092,700,8.34E-05,16,BWA,7627.463,0.492446502,19.89700297,14.59475127,AFRE,0.030508814
6,BDI,Burundi,Africa,Congo,8521000,0,0,0,0.742146196,0.632520561,0.827799266,0,0.316,8521000,0.653737863,0.436384181,0.815223605,0.001333152,0.001284031,0.00195446,1240.405434,0.00014557,3.06E-05,0.001197516,763.2666667,0.379489713,234.0454485,69.22610823,20.47795568,6,BDI,1,0,1,0,0,0,NA,NA,14,5,5,NA,NA,NA,5,20,100,NA,0.000376827,1.5,0,0,3.77E-06,5,7.19E-05,500,1.50E-06,16,BDI,180.073,0.43835353,1.394858736,1.023149885,AFRE,0.024986064
9,CAF,Central African Republic,Africa,Congo,4504000,0,0,0,0.742146196,0.632520561,0.827799266,0,0.343,4504000,0.729993658,0.545373486,0.853811883,0.001333152,0.001284031,0.00195446,6495.548763,0.001442173,0.000303,0.011863853,763.2666667,0.379489713,234.0454485,69.22610823,20.47795568,9,CAF,1,0,1,0,0,0,NA,NA,14,4,5,NA,4,NA,4,20,100,NA,0.000376827,1.26,0,0,3.77E-06,5,0.000712669,500,3.11E-06,16,CAF,435.978,0.585467061,2.012438065,1.476153622,AFRE,0.036275438
11,COM,Comoros,Africa,SADC,692000,0,0,0,0.742146196,0.632520561,0.827799266,0,0.433,692000,0.89948577,0.830937563,0.939461887,0.001493561,0.0003772,0.004230129,0,0,0,0,584.6666667,0.379489713,234.0454485,132.8449541,24.96490768,11,COM,0,0,1,0,0,0,NA,NA,14,4,5,NA,NA,NA,4,10,80,NA,0.000402914,1.5,4.03E-08,4.03E-08,4.03E-06,20,0,700,3.90E-05,16,COM,802.475,0.667724797,3.44141571,2.524515179,AFRD,0.029297642
14,COD,Democratic Republic of the Congo,Africa,Congo,67826000,0,0,0,0.742146196,0.632520561,0.827799266,0,0.286,67826000,0.558858961,0.320648436,0.760175616,0.001333152,0.001284031,0.00195446,2411.633627,3.56E-05,7.47E-06,0.000292498,763.2666667,0.379489713,234.0454485,69.22610823,20.47795568,14,COD,1,0,1,0,0,0,NA,NA,14,5,5,NA,NA,NA,5,20,100,NA,0.000376827,1.26,0,0,3.77E-06,5,1.76E-05,500,0,16,COD,186.278,0.567747638,1.964487959,1.440981498,AFRE,0.036563438
17,GNQ,Equatorial Guinea,Africa,Congo,694000,0,0,0,0.742146196,0.632520561,0.827799266,0,0.537,694000,0.972738693,0.958798772,0.981808025,0.001333152,0.001284031,0.00195446,19.55039758,2.82E-05,5.92E-06,0.000231742,763.2666667,0.379489713,234.0454485,69.22610823,20.47795568,17,GNQ,1,0,1,0,0,0,NA,NA,14,5,5,NA,NA,NA,5,20,100,NA,0.000376827,1.5,0,0,3.77E-06,5,1.39E-05,500,1.50E-06,16,GNQ,11033.264,0.608122376,13.73026537,10.07209424,AFRD,0.029960818
19,ETH,Ethiopia,Africa,SADC,84977000,0,0,0,0.742146196,0.632520561,0.827799266,0,0.363,84977000,0.779125182,0.621623502,0.878680586,0.0010557,0.0003772,0.004230129,85669.15748,0.001008145,0.000211811,0.008293377,584.6666667,0.379489713,234.0454485,132.8449541,24.96490768,19,ETH,1,0.95,0.05,0,0,0,1,0,15,4,5,15,NA,NA,15,10,80,14.25,0.000111213,1.44,4.03E-08,4.03E-08,2.68E-05,20,0.000483798,683,2.82E-06,16,ETH,350.441,0.345055376,1.030761808,0.756079307,AFRE,0.021955935
23,GIN,Guinea,Africa,Congo,10322000,0,0,0,0.742146196,0.632520561,0.827799266,0,0.344,10322000,0.732606949,0.549113567,0.855070121,0.001333152,0.001284031,0.00195446,7597.592397,0.000736058,0.000154645,0.006055088,763.2666667,0.379489713,234.0454485,69.22610823,20.47795568,23,GIN,1,0,1,0,0,0,NA,NA,14,5,5,NA,NA,NA,5,20,100,NA,0.000442657,1.5,0,0,4.43E-06,20,0.000363733,500,9.69E-08,16,GIN,448.486,0.428728477,1.999442831,1.46672887,AFRD,0.020068037
25,KEN,Kenya,Africa,SADC,40863000,0,0,0,0.742146196,0.632520561,0.827799266,0,0.509,40863000,0.960919529,0.939782224,0.9741313,0.00234,0.0003772,0.004230129,26845.62372,0.000656967,0.000138028,0.00540445,584.6666667,0.379489713,234.0454485,132.8449541,25.86515406,25,KEN,1,0,1,0,0,0,NA,NA,14,4,5,NA,NA,NA,4,10,80,NA,0.006493506,1.23,4.03E-08,4.03E-08,4.03E-06,20,0.000227416,800,2.20E-06,16,KEN,809.287,0.487074826,2.554328653,1.873638528,AFRE,0.029900302
26,LSO,Lesotho,Africa,SADC,2085000,0,0,0,0.742146196,0.632520561,0.827799266,0,0.45,2085000,0.918160437,0.86604845,0.949758894,0.001493561,0.0003772,0.004230129,1559.545604,0.000747984,0.000157151,0.00615319,584.6666667,0.379489713,234.0454485,132.8449541,24.96490768,26,LSO,1,0,1,0,0,0,NA,NA,14,4,5,NA,NA,NA,4,10,80,NA,0.000402914,1.5,4.03E-08,4.03E-08,4.03E-06,20,0.000375081,700,8.15E-06,16,LSO,836.863,0.643991926,3.176358273,2.32990662,AFRE,0.036951635
29,MDG,Madagascar,Africa,SADC,20147000,0,0,0,0.742146196,0.632520561,0.827799266,0,0.48,20147000,0.943565718,0.909392106,0.964122426,0.0012409,0.0003772,0.004230129,16330.95711,0.00081059,0.000170305,0.006668214,584.6666667,0.379489713,234.0454485,132.8449541,24.96490768,29,MDG,1,0,1,0,0,0,NA,NA,14,4,5,NA,NA,NA,4,10,80,NA,0.000402914,1.5,4.03E-08,4.03E-08,4.03E-06,20,0.000406476,700,3.90E-05,16,MDG,391.818,0.430038535,2.298575541,1.686163292,AFRD,0.019143874
30,MWI,Malawi,Africa,SADC,15689000,0,0,0,0.742146196,0.632520561,0.827799266,0,0.4,15689000,0.852286518,0.746055787,0.914535349,0.001493561,0.0003772,0.004230129,2125.06423,0.000135449,2.85E-05,0.001114256,584.6666667,0.379489713,234.0454485,132.8449541,24.96490768,30,MWI,1,0,1,0,0,0,NA,NA,14,4,5,NA,NA,NA,4,10,80,NA,0.000402914,1.245,4.03E-08,4.03E-08,4.03E-06,20,6.79E-05,700,5.10E-06,16,MWI,321.942,0.389263579,1.746520883,1.281099365,AFRE,0.022409898
33,MUS,Mauritius,Africa,SADC,1297000,0,0,0,0.742146196,0.632520561,0.827799266,0,0.728,1297000,0.997794969,0.996007964,0.99886469,0.001493561,0.0003772,0.004230129,0,0,0,0,584.6666667,0.379489713,234.0454485,132.8449541,24.96490768,33,MUS,0,0,1,0,0,0,NA,NA,14,4,5,NA,NA,NA,4,10,80,NA,0.000402914,1.5,4.03E-08,4.03E-08,4.03E-06,20,0,700,3.90E-05,16,MUS,7593.258,0.53864912,16.74650788,12.28471562,AFRD,0.026091505
36,NAM,Namibia,Africa,SADC,2213000,0,0,0,0.742146196,0.632520561,0.827799266,0,0.625,2213000,0.991379738,0.98709072,0.994546752,0.001493561,0.0003772,0.004230129,5241.773265,0.002368628,0.000497648,0.019485211,584.6666667,0.379489713,234.0454485,132.8449541,24.96490768,36,NAM,1,0,1,0,0,0,NA,NA,14,4,5,NA,NA,NA,4,10,80,NA,0.000402914,1.47,4.03E-08,4.03E-08,4.03E-06,20,0.001187764,540,0.000293719,16,NAM,5651.729,0.812903784,4.680269092,3.43304785,AFRE,0.044994841
42,SYC,Seychelles,Africa,SADC,86264,0,0,0,0.742146196,0.632520561,0.827799266,0,0.773,86263.79356,0.998786791,0.99754695,0.999437454,0.001493561,0.0003772,0.004230129,0,0,0,0,584.6666667,0.379489713,234.0454485,132.8449541,24.96490768,42,SYC,0,0,1,0,0,0,NA,NA,14,4,5,NA,NA,NA,4,10,80,NA,0.000402914,1.5,4.03E-08,4.03E-08,4.03E-06,20,0,700,3.90E-05,16,SYC,10681.88,0.455944498,18.65677646,13.68602905,AFRD,0.020456621
47,SWZ,Swaziland,Africa,SADC,1200000,0,0,0,0.742146196,0.632520561,0.827799266,0,0.522,1200000,0.966919082,0.949911067,0.978241771,0.001493561,0.0003772,0.004230129,1038.673901,0.000865562,0.000181854,0.007120431,584.6666667,0.379489713,234.0454485,132.8449541,24.96490768,47,SWZ,1,0,1,0,0,0,NA,NA,14,4,5,NA,NA,NA,4,10,80,NA,0.000402914,1.5,4.03E-08,4.03E-08,4.03E-06,20,0.000434041,700,3.92E-05,16,SWZ,3061.112,0.585661368,3.908244578,2.866756245,AFRE,0.035198494
51,TZA,United Republic of Tanzania,Africa,SADC,45039000,0,0,0,0.742146196,0.632520561,0.827799266,0,0.466,45039000,0.932792602,0.891809115,0.957925615,0.000815,0.0003772,0.004230129,33552.07122,0.000744956,0.000156515,0.006128284,584.6666667,0.379489713,234.0454485,132.8449541,24.96490768,51,TZA,1,0,1,0,0,0,NA,NA,14,3.5,5,NA,3.5,NA,3.5,10,80,NA,0.000402914,1.73,4.03E-08,4.03E-08,4.03E-06,20,0.000373563,700,1.78E-06,16,TZA,548.282,0.387907199,2.873020218,2.107403589,AFRE,0.024454353
94,KHM,Cambodia,Asia,Asia_2,15055000,0,0,0,0.742146196,0.632520561,0.827799266,0,0.523,15055000,0.967341848,0.950532195,0.97845065,0.0065,0.001325,0.0118826,5517.30098,0.000366476,7.74E-05,0.002999978,763.2666667,0.379489713,234.0454485,46.67591357,11.39991859,94,KHM,1,0,1,0,0,0,NA,NA,14,5,5,NA,NA,NA,5,10,100,NA,0.004516129,1.2,7.97E-06,7.97E-06,7.97E-05,5,0.000177465,500,1.19E-07,16,KHM,813.798,0.385292564,1.93223493,1.416920673,WPRB,0.013768951
96,PRK,Democratic People's Republic of Korea,Asia,Asia_2,23990000,0,0,0,0.742146196,0.632520561,0.827799266,0,0.766,23990000,0.998668581,0.997360786,0.999371944,0.00587265,0.001325,0.0118826,1745.570876,7.28E-05,1.54E-05,0.000595634,763.2666667,0.379489713,234.0454485,46.57831848,15.26131162,96,PRK,1,0,1,0,0,0,NA,NA,14,5,5,NA,NA,NA,5,10,100,NA,0.007970942,1.2,7.97E-06,7.97E-06,7.97E-05,5,2.49E-05,500,1.19E-07,16,KHM,813.798,0.385292564,2.450460705,1.796416876,SEARD,0.019264628
112,MMR,Myanmar,Asia,Asia_2,50494000,0,0,0,0.742146196,0.632520561,0.827799266,0,0.483,50494000,0.945653037,0.912808837,0.965316436,0.0118826,0.001325,0.0118826,21365.88721,0.000423137,8.94E-05,0.003463804,763.2666667,0.379489713,234.0454485,55.0245372,15.85482658,112,MMR,1,0.75,0.25,0,0,0.03,1,0,14,5,5,14,NA,NA,11.75,10,100,10.5,0.000754014,1.2,7.97E-06,7.97E-06,7.97E-05,5,0.000204903,500,1.19E-07,16,MMR,701.993,0.561675731,2.254582621,1.652819921,SEARD,0.036611051
20,GAB,Gabon,Africa,Congo,1501000,0,0,0,0.742146196,0.632520561,0.827799266,0,0.674,1501000,0.995488689,0.992619432,0.997352837,0.001333152,0.001284031,0.00195446,124.007185,8.26E-05,1.76E-05,0.000670108,763.2666667,0.379489713,234.0454485,69.22610823,20.47795568,20,GAB,1,0,1,0,0,0.136363636,NA,NA,14,5,5,NA,NA,NA,5,20,100,NA,0.000806129,1.26,0,0,3.77E-06,5,4.07E-05,500,6.66E-06,16,GAB,8724.231,0.58081786,31.62901116,23.20205564,AFRD,0.023116666
3,BEN,Benin,Africa,Francophone,9213000,0,0,0,0.742146196,0.632520561,0.827799266,0,0.427,9213000,0.892037898,0.817063447,0.935416229,0.001284031,0.001284031,0.00195446,3496.274782,0.000379494,8.10E-05,0.003076082,500,0.379489713,234.0454485,72.16175799,24.41604662,3,BEN,1,0,1,0,0,0,NA,NA,14,5,5,NA,NA,NA,5,20,100,NA,0.000442657,1.5,0,0,4.43E-06,20,0.000191002,500,1.45E-06,16,BEN,689.461,0.475166576,4.228491012,3.101889061,AFRD,0.021049113
5,BFA,Burkina Faso,Africa,Francophone,16284000,0,0,0,0.742146196,0.632520561,0.827799266,0,0.331,16284000,0.697410958,0.497854643,0.837999016,0.001284031,0.001284031,0.00195446,18405.68647,0.001130293,0.000241139,0.009161874,500,0.379489713,234.0454485,72.16175799,24.41604662,5,BFA,1,0,1,0,0,0,NA,NA,14,5,5,NA,NA,NA,5,20,100,NA,0.000442657,1.5,0,0,4.43E-06,20,0.000568884,500,1.45E-06,16,BFA,597.534,0.439231789,2.501539073,1.835051006,AFRD,0.019121406
7,CMR,Cameroon,Africa,Francophone,19958000,0,0,0,0.742146196,0.632520561,0.827799266,0,0.482,19958000,0.944965478,0.911683076,0.964921797,0.001284031,0.001284031,0.00195446,11535.52376,0.00057799,0.00012331,0.004685044,500,0.379489713,234.0454485,72.16175799,24.41604662,7,CMR,1,0,1,0,0,0,NA,NA,14,4,5,NA,4,NA,4,20,100,NA,0.000442657,1.23,0,0,4.43E-06,20,0.000290906,500,1.50E-07,16,CMR,1100.603,0.507101755,5.119340032,3.755388104,AFRD,0.023685994
8,CPV,Cape Verde,Africa,Francophone,513000,0,0,0,0.742146196,0.632520561,0.827799266,0,0.568,513000,0.981781375,0.973049134,0.987696151,0.001284031,0.001284031,0.00195446,0,0,0,0,500,0.379489713,234.0454485,72.16175799,24.41604662,8,CPV,0,0,1,0,0,0,NA,NA,14,5,5,NA,NA,NA,5,20,100,NA,0.000442657,1.5,0,0,4.43E-06,20,0,500,1.45E-06,16,CPV,3156.627,0.865558756,4.150150803,3.044421128,AFRD,0.04022842
10,TCD,Chad,Africa,Francophone,11505000,0,0,0,0.742146196,0.632520561,0.827799266,0,0.328,11505000,0.688925665,0.485301998,0.833834724,0.000129,0.0001161,0.00195446,13056.80887,0.001134881,0.000242118,0.009199067,500,0.379489713,234.0454485,72.16175799,24.41604662,10,TCD,1,0,1,0,0,0,NA,NA,14,5,5,NA,NA,NA,5,20,100,NA,0.009164791,1.69,0,0,0,20,0.000263054,500,3.22E-06,16,TCD,767.733,0.452120671,4.01126808,2.942541096,AFRD,0.020212428
13,CIV,C_te d'Ivoire,Africa,Francophone,21570000,0,0,0,0.742146196,0.632520561,0.827799266,0,0.4,21570000,0.852286518,0.746055787,0.914535349,0.001284031,0.001284031,0.00195446,2634.78716,0.000122151,2.61E-05,0.000990122,500,0.379489713,234.0454485,72.16175799,24.41604662,13,CIV,1,0,1,0,0,0,NA,NA,14,3.5,5,NA,3.5,NA,4,20,100,NA,0.000442657,1.5,0,0,4.43E-06,20,6.15E-05,500,6.03E-07,16,CIV,1036.164,0.616490168,4.36157317,3.199279593,AFRE,0.036351187
21,GMB,Gambia,Africa,Francophone,1750000,0,0,0,0.742146196,0.632520561,0.827799266,0,0.42,1750000,0.882739639,0.800859719,0.930512347,0.001284031,0.001284031,0.00195446,794.8481413,0.000454199,9.69E-05,0.003681624,500,0.379489713,234.0454485,72.16175799,24.41604662,21,GMB,1,0,1,0,0,0,NA,NA,14,5,5,NA,NA,NA,5,20,100,NA,0.000442657,1.5,0,0,4.43E-06,20,0.000228601,500,5.71E-07,16,GMB,616.555,0.305492478,1.843340251,1.352216888,AFRD,0.013642342
22,GHA,Ghana,Africa,Francophone,24332000,0,0,0,0.742146196,0.632520561,0.827799266,0,0.541,24332000,0.974114456,0.960889428,0.982719129,0.001284031,0.001284031,0.00195446,3932.740396,0.000161628,3.45E-05,0.001310119,500,0.379489713,234.0454485,72.16175799,24.41604662,22,GHA,1,0,1,0,0,0,NA,NA,14,5,5,NA,NA,NA,5,20,100,NA,0.000134391,1.5,0,0,4.43E-06,20,8.63E-05,500,1.56E-06,16,GHA,1311.625,0.501566505,2.480800015,1.81983748,AFRD,0.019531378
24,GNB,Guinea-Bissau,Africa,Francophone,1643000,0,0,0,0.742146196,0.632520561,0.827799266,0,0.353,1643000,0.755392576,0.58247607,0.866283235,0.001284031,0.001284031,0.00195446,1090.890584,0.000663963,0.000141651,0.005381917,500,0.379489713,234.0454485,72.16175799,24.41604662,24,GNB,1,0,1,0,0,0,NA,NA,14,5,5,NA,NA,NA,5,20,100,NA,0.000442657,1.5,0,0,4.43E-06,20,0.000334177,500,1.22E-06,16,GNB,508.662,0.469070568,1.937426122,1.421235348,AFRD,0.020343302
27,LBR,Liberia,Africa,Francophone,4101000,0,0,0,0.742146196,0.632520561,0.827799266,0,0.329,4101000,0.691768606,0.489601527,0.835232575,0.001284031,0.001284031,0.00195446,174.1680255,4.25E-05,9.06E-06,0.000344248,500,0.379489713,234.0454485,72.16175799,24.41604662,27,LBR,1,0,1,0,0,0,NA,NA,14,5,5,NA,NA,NA,5,20,100,NA,0.000442657,1.5,0,0,4.43E-06,20,2.19E-05,500,1.45E-06,16,LBR,226.047,0.576140508,9.979426668,7.320596006,AFRD,0.032578796
31,MLI,Mali,Africa,Francophone,13324000,0,0,0,0.742146196,0.632520561,0.827799266,0,0.359,13324000,0.76983479,0.605914249,0.873814509,0.0005809,0.00052281,0.00195446,16876.21849,0.001266603,0.00027022,0.010266771,500,0.379489713,234.0454485,72.16175799,24.41604662,31,MLI,1,0,1,0,0,0,NA,NA,14,5,5,NA,NA,NA,5,20,100,NA,0.003821429,1.5,0,0,0,20,0.000293586,500,1.45E-06,16,MLI,691.637,0.55259388,3.321609473,2.436629062,AFRD,0.022579778
32,MRT,Mauritania,Africa,Francophone,3365000,0,0,0,0.742146196,0.632520561,0.827799266,0,0.453,3365000,0.921108849,0.871551707,0.951412061,0.001284031,0.001284031,0.00195446,6038.915627,0.001794626,0.000382869,0.014546793,500,0.379489713,234.0454485,72.16175799,24.41604662,32,MRT,1,0,1,0,0,0,NA,NA,14,5,5,NA,NA,NA,5,20,100,NA,0.000442657,1.5,0,0,4.43E-06,20,0.000903247,500,4.16E-06,16,MRT,1194.849,0.570866097,3.055530681,2.241441963,AFRD,0.019008601
37,NER,Niger,Africa,Francophone,15892000,0,0,0,0.742146196,0.632520561,0.827799266,0,0.295,15892000,0.588126512,0.353792453,0.778492357,0.001284031,0.001284031,0.00195446,18314.78999,0.001152453,0.000245867,0.009341503,500,0.379489713,234.0454485,72.16175799,24.41604662,37,NER,1,0,1,0,0,0,NA,NA,14,5,5,NA,NA,NA,5,20,100,NA,0.000442657,1.5,0,0,4.43E-06,20,0.000580037,500,6.29E-08,16,NER,381.157,0.504643188,2.29711638,1.685092897,AFRD,0.020718402
40,STP,Sao Tome and Principe,Africa,Francophone,164000,0,0,0,0.742146196,0.632520561,0.827799266,0,0.509,164000,0.960919529,0.939782224,0.9741313,0.001284031,0.001284031,0.00195446,0,0,0,0,500,0.379489713,234.0454485,72.16175799,24.41604662,40,STP,0,0,1,0,0,0,NA,NA,14,5,5,NA,NA,NA,5,20,100,NA,0.000442657,1.5,0,0,4.43E-06,20,0,500,1.45E-06,16,STP,1183.282,0.629193134,3.412490442,2.503296505,AFRD,0.029180501
41,SEN,Senegal,Africa,Francophone,12860000,0,0,0,0.742146196,0.632520561,0.827799266,0,0.459,12860000,0.926715991,0.881938297,0.954562661,0.001284031,0.001284031,0.00195446,7262.653163,0.000564748,0.000120484,0.004577704,500,0.379489713,234.0454485,72.16175799,24.41604662,41,SEN,1,0,1,0,0,0,NA,NA,14,5,5,NA,NA,NA,5,20,100,NA,0.000442657,1.5,0,0,4.43E-06,20,0.000284241,500,7.78E-08,16,SEN,980.929,0.539202472,4.141235535,3.037881166,AFRD,0.023185612
43,SLE,Sierra Leone,Africa,Francophone,5835000,0,0,0,0.742146196,0.632520561,0.827799266,0,0.336,5835000,0.711256745,0.518393139,0.844749316,0.001284031,0.001284031,0.00195446,795.0779326,0.00013626,2.91E-05,0.001104491,500,0.379489713,234.0454485,72.16175799,24.41604662,43,SLE,1,0,1,0,0,0,NA,NA,14,5,5,NA,NA,NA,5,20,100,NA,0.000442657,1.5,0,0,4.43E-06,20,6.86E-05,500,1.45E-06,16,SLE,325.761,0.403602628,1.547105374,1.134908226,AFRD,0.019471282
89,AFG,Afghanistan,Asia,Eurasia,29116000,0,0,0,0.742146196,0.632520561,0.827799266,0,0.398,29116000,0.848906445,0.739599704,0.912930595,0.002901268,0.0010548,0.0066513,9926.965292,0.000340945,7.35E-05,0.00273647,763.2666667,0.379489713,234.0454485,27.32788137,2.581397556,89,AFG,1,0,1,0,0,0,NA,NA,14,5,5,NA,NA,NA,5,10,50,NA,6.87E-05,0.7,5.74E-05,5.74E-05,5.74E-05,5,0.000185382,700,1.77E-05,16,AFG,517.184,0.570447857,5.59607101,4.105966767,EMRD,0.019205806
107,LAO,Lao People's Democratic Republic,Asia,Asia_2,6436000,0,0,0,0.742146196,0.632520561,0.827799266,0,0.524,6436000,0.967759392,0.951227858,0.978699991,0.001325,0.001325,0.0118826,2121.061785,0.000329562,7.25E-05,0.002594525,763.2666667,0.379489713,234.0454485,47.76855429,19.0805477,107,LAO,1,0,1,0,0,0,NA,NA,14,5,5,NA,NA,NA,5,10,100,NA,0.004179615,1.335,7.97E-06,7.97E-06,7.97E-05,5,0.00016605,500,1.19E-07,16,LAO,984.153,0.404061418,2.724599349,1.99796675,WPRB,0.013404697
91,BGD,Bangladesh,Asia,Asia_3,164423000,0,0,0,0.742146196,0.632520561,0.827799266,0,0.5,164423000,0.956168208,0.931589946,0.971401263,0.001013179,0.000455,0.00483,35712.15607,0.000217197,5.80E-05,0.001418538,685,0.379489713,113.6913472,43.05208385,14.24244036,91,BGD,1,0.862,0.138,0,0,0.01,1,0,14,5,5,14,NA,NA,14,10,80,12.068,0.001359473,1.1,1.36E-06,1.36E-06,0.000172074,5,0.000146993,500,7.45E-06,16,BGD,637.908,0.405705113,1.947774047,1.427900542,SEARD,0.023384235
115,PAK,Pakistan,Asia,Asia_3,184753000,0,0,0,0.742146196,0.632520561,0.827799266,0,0.504,184753000,0.958344403,0.935562609,0.972672862,0.000455,0.000455,0.00483,45845.07095,0.000248142,6.62E-05,0.001620648,685,0.379489713,113.6913472,42.68998626,12.02761225,115,PAK,1,0.75,0.25,0,0,0,1,0,14,5,5,14,NA,NA,11.75,10,80,10.5,0.001359473,1.1,1.36E-06,1.36E-06,1.36E-05,5,0.000167936,500,7.45E-06,16,PAK,1049.749,0.37613818,2.77273201,2.034417624,EMRD,0.01200707
78,PAN,Panama,Americas,CentralAmericaMexico,3507000,0,0,0,0.742146196,0.632520561,0.827799266,0,0.768,3507000,0.998703483,0.997417333,0.99938984,0.001632197,0.0004522,0.005470083,0,0,0,0,640,0.379489713,234.0454485,63.45479789,33.15486499,78,PAN,0,0,1,0,0,0,NA,NA,14,5,5,NA,NA,NA,5,10,60,NA,0.00570288,1.43,3.62E-05,3.62E-05,0.000361911,5,0,700,1.79E-05,16,PAN,7592.537,0.60364798,18.94634731,13.89189682,AMRB,0.031702243
48,TGO,Togo,Africa,Francophone,6781000,0,0,0,0.742146196,0.632520561,0.827799266,0,0.435,6781000,0.901865149,0.835407353,0.940681484,0.001284031,0.001284031,0.00195446,675.2534385,9.96E-05,3.16E-05,0.000550705,500,0.379489713,234.0454485,72.16175799,24.41604662,48,TGO,1,0,1,0,0,0.00875,NA,NA,14,3.5,5,NA,3.5,NA,3.5,20,100,NA,0.01179767,1.2,0,0,0,20,5.55E-05,500,4.13E-06,16,TGO,458.785,0.534691394,2.095894399,1.537482731,AFRD,0.022960183
35,MOZ,Mozambique,Africa,SADC,23409000,0,0,0,0.742146196,0.632520561,0.827799266,0,0.322,23409000,0.671572509,0.460877019,0.824943116,0.001493561,0.0003772,0.004230129,1455.831663,6.22E-05,2.17E-05,0.000313153,584.6666667,0.379489713,234.0454485,132.8449541,24.96490768,35,MOZ,1,0,1,0,0,0,NA,NA,14,4,5,NA,NA,NA,4,10,80,NA,0.005767013,1.44,4.03E-08,4.03E-08,4.03E-06,20,3.46E-05,700,3.42E-06,16,MOZ,458.327,0.453620685,2.00572571,1.471230009,AFRE,0.028496931
50,UGA,Uganda,Africa,SADC,33797000,0,0,0,0.742146196,0.632520561,0.827799266,0,0.446,33797000,0.914073156,0.858392025,0.94736142,0.000396,0.0003772,0.004230129,5770.489976,0.00017074,5.97E-05,0.000859732,584.6666667,0.379489713,234.0454485,132.8449541,24.96490768,50,UGA,1,0,1,0,0,0,NA,NA,14,4,5,NA,NA,NA,4,10,80,NA,0.00382,1.47,4.03E-08,4.03E-08,4.03E-06,20,9.50E-05,500,3.25E-07,16,UGA,500.65,0.403543347,1.591063133,1.167068765,AFRE,0.025623573
92,BTN,Bhutan,Asia,Asia_3,708000,0,0,0,0.742146196,0.632520561,0.827799266,0,0.522,708000,0.966919082,0.949911067,0.978241771,0.00483,0.000455,0.00483,262.7194223,0.000371073,0.000129697,0.001868475,685,0.379489713,113.6913472,42.87103506,13.13502631,92,BTN,1,0,1,0,0,0,NA,NA,14,5,5,NA,5,NA,5,10,80,NA,0.001359473,1.66,1.36E-06,1.36E-06,1.36E-05,5,0.000116583,500,1.41E-05,27.51,BTN,1978.276,0.364339089,5.692398059,4.17306016,SEARD,0.022753112
116,PHL,Philippines,Asia,Asia_4,93616000,0,0,0,0.742146196,0.632520561,0.827799266,0,0.644,93616000,0.993291629,0.989615872,0.995869307,0.002313963,0.002313963,0.012248,2234.628384,2.39E-05,8.34E-06,0.000120194,763.2666667,0.379489713,181.8582856,42.13638952,35.15458974,116,PHL,1,0,0,1,0,0.0903,NA,NA,14,5,4,NA,NA,4,4,10,60,4,0.042727739,1.186,0.000177856,0.000177856,0.000149377,5,3.86E-06,700,6.72E-06,4.6,PHL,2007.362,0.537093146,2.314192446,1.69701265,WPRB,0.018511554
53,ZWE,Zimbabwe,Africa,SADC,12643000,0,0,0,0.742146196,0.632520561,0.827799266,0,0.376,12643000,0.807440788,0.670535195,0.891959979,0.001493561,0.0003772,0.004230129,3532.211028,0.000279381,0.000104245,0.00132083,584.6666667,0.379489713,234.0454485,132.8449541,24.96490768,53,ZWE,1,0,1,0,0,0,NA,NA,14,4,5,NA,NA,NA,4,10,80,NA,0.007909515,1.47,4.03E-08,4.03E-08,4.03E-06,20,0.000207627,700,1.50E-05,16,ZWE,594.332,1.369662108,9.847870559,7.223561335,AFRE,0.075331416
38,NGA,Nigeria,Africa,Francophone,158259000,0,0,0,0.742146196,0.632520561,0.827799266,0,0.459,158259000,0.926715991,0.881938297,0.954562661,0.001284031,0.001284031,0.00195446,15086.62356,9.53E-05,3.80E-05,0.000423107,500,0.379489713,234.0454485,72.16175799,24.41604662,38,NGA,1,0,1,0,0,0,NA,NA,14,5,5,NA,NA,NA,5,20,100,NA,0.026354048,1.5,0,0,4.43E-06,20,5.60E-05,500,1.52E-07,16,NGA,1389.307,0.57362992,5.237975017,3.842415027,AFRD,0.026335034
34,MAR,Morocco,Africa,NorthAfrica,32382000,0,0,0,0.742146196,0.632520561,0.827799266,0,0.582,32382000,0.984829472,0.977718062,0.989774406,0.0015441,0.0002486,0.003353,2647.186776,8.17E-05,3.60E-05,0.000329341,763.2666667,0.379489713,234.0454485,16.27154171,17.79126703,34,MAR,1,0,1,0,0.023992528,0.071977584,NA,NA,14,5,5,NA,NA,NA,5,10,60,NA,0.007720338,1.43,9.66E-05,9.66E-05,0.001544068,5,1.80E-05,500,8.77E-06,16,MAR,3248.951,0.683358405,3.433032768,2.518895566,EMRD,0.022044318
95,CHN,China,Asia,China,1354148000,0,0,0,0.742146196,0.632520561,0.827799266,0,0.687,1354148000,0.99620223,0.993636708,0.997846889,0.0110771,0.001054,0.014327,53424.96048,3.95E-05,1.76E-05,0.000157246,763.2666667,0.379489713,30.72449234,63.45479789,6.458155129,95,CHN,1,0,1,0,0.0126,0.0084,NA,NA,14,4.5,5,NA,NA,NA,4.5,10,60,NA,0.00288004,1.086,2.88E-06,2.88E-06,2.88E-05,5,3.84E-05,500,2.13E-06,16,CHN,4382.136,0.582830366,2.934574527,2.151942939,WPRB,0.017648395
124,TJK,Tajikistan,Asia,Eurasia,7075000,0,0,0,0.742146196,0.632520561,0.827799266,0,0.607,7075000,0.989073692,0.983892364,0.992778002,0.001998,0.0010548,0.0066513,775.2163942,0.000109571,5.03E-05,0.00042417,763.2666667,0.379489713,234.0454485,27.32788137,2.581397556,124,TJK,1,0,1,0,0,0,NA,NA,14,5,5,NA,NA,NA,5,10,50,NA,0.013121979,0.7,5.74E-05,5.74E-05,5.74E-05,5,6.28E-05,700,8.34E-06,16,TJK,740.52,0.382649621,2.021536324,1.481622896,EURB,0.018764203
97,IND,India,Asia,India,1214465000,0,0,0,0.742146196,0.632520561,0.827799266,0,0.547,1214465000,0.976052203,0.964121391,0.983884882,0.006925594,0.001054,0.014327,81685.81219,6.73E-05,3.14E-05,0.000256072,763.2666667,0.379489713,157.4947962,16.5783996,9.618518284,97,IND,1,0,0.852,0.148,0.004304348,0.00873913,NA,NA,14,5,4,NA,NA,4,4,10,60,NA,0.006861732,1.086,0.000177856,0.000177856,6.86E-05,5,1.48E-05,500,7.99E-08,16,IND,1264.839,0.378773015,3.55358739,2.605111906,SEARD,0.023250479
111,MNG,Mongolia,Asia,Eurasia,2699000,0,0,0,0.742146196,0.632520561,0.827799266,0,0.653,2699000,0.994043876,0.990627677,0.99638539,0.0010548,0.0010548,0.0066513,2997.215876,0.001110491,0.000518674,0.004227814,763.2666667,0.379489713,234.0454485,27.32788137,2.581397556,111,MNG,1,0,1,0,0,0,NA,NA,14,5,5,14,NA,NA,4,10,50,NA,0.01338091,0.7,5.74E-05,5.74E-05,5.74E-05,5,0.000656557,700,2.41E-05,16,MNG,2226.984,0.555927813,3.580077909,2.625294845,WPRB,0.015580674
114,OMN,Oman,Asia,MiddleEast,2905000,0,0,0,0.742146196,0.632520561,0.827799266,0,0.705,2905000,0.997008317,0.994812164,0.998361933,0.0009022,0.00046,0.0017386,239.5343695,8.25E-05,3.85E-05,0.000313923,1000,0.379489713,185.1917944,65.48911272,25.06713781,114,OMN,1,0,1,0,0.094523924,0.283571772,NA,NA,14,5,5,NA,NA,NA,5,10,50,NA,5.85E-05,1.2,5.21E-06,5.21E-06,5.21E-05,5,4.88E-05,1000,3.44E-05,16,OMN,18656.96,0.733408172,35.70285196,26.16881233,EMRB,0.011935247
99,IRN,Iran (Islamic Republic of),Asia,MiddleEast,75077000,0,0,0,0.742146196,0.632520561,0.827799266,0,0.707,75077000,0.997086614,0.994906931,0.998412877,0.0017386,0.00046,0.0017386,5390.188437,7.18E-05,4.07E-05,0.000226803,1000,0.379489713,121.3062982,65.48911272,16.63837196,99,IRN,1,0,1,0,0.15,0,NA,NA,14,5,5,NA,5,NA,5,10,50,NA,0.005327863,0.5,5.21E-06,5.21E-06,5.21E-05,5,4.50E-05,700,2.66E-06,16,IRN,4740.853,0.436352463,5.054311551,3.704615267,EMRB,0.008165678
90,BHR,Bahrain,Asia,MiddleEast,809000,0,0,0,0.742146196,0.632520561,0.827799266,0,0.806,809000,0.999217433,0.998256691,0.999666648,0.0009022,0.00046,0.0017386,4.985033479,6.16E-06,3.56E-06,1.91E-05,1000,0.379489713,185.1917944,65.48911272,25.06713781,90,BHR,1,0,1,0,0.094523924,0.283571772,NA,NA,14,5,5,NA,NA,NA,5,10,50,NA,0.005213094,0.5,5.21E-06,5.21E-06,5.21E-05,5,3.83E-06,700,1.04E-05,16,BHR,20474.819,0.762507884,24.42155241,17.90005523,EMRB,0.011345087
100,IRQ,Iraq,Asia,MiddleEast,31467000,0,0,0,0.742146196,0.632520561,0.827799266,0,0.573,31467000,0.982933442,0.974738607,0.988460667,0.00046,0.00046,0.0017386,720.2784594,2.29E-05,1.32E-05,7.09E-05,1000,0.379489713,312.410376,65.48911272,39.73870591,100,IRQ,1,0,1,0,0.094523924,0.283571772,NA,NA,14,5,5,NA,NA,NA,5,10,50,NA,0.005213094,0.5,5.21E-06,5.21E-06,5.21E-05,5,1.42E-05,700,1.04E-05,16,IRQ,2563.535,0.724649623,7.891023971,5.789826849,EMRD,0.030100802
103,JOR,Jordan,Asia,MiddleEast,6471000,0,0,0,0.742146196,0.632520561,0.827799266,0,0.698,6471000,0.996717389,0.994383362,0.99817043,0.000508,0.00046,0.0017386,132.979497,2.06E-05,1.19E-05,6.37E-05,1000,0.379489713,185.1917944,65.48911272,24.18660976,103,JOR,1,0,1,0,0.094523924,0.283571772,NA,NA,14,5,5,NA,NA,NA,5,10,50,NA,0.005213094,0.5,5.21E-06,5.21E-06,5.21E-05,5,1.28E-05,700,1.85E-06,16,JOR,4499.789,0.797230504,3.908922025,2.865088957,EMRB,0.010609931
105,KWT,Kuwait,Asia,MiddleEast,3052000,0,0,0,0.742146196,0.632520561,0.827799266,0,0.76,3052000,0.998558146,0.997183627,0.999314276,0.0009022,0.00046,0.0017386,49.30080354,1.62E-05,9.34E-06,5.01E-05,1000,0.379489713,185.1917944,65.48911272,25.06713781,105,KWT,1,0,1,0,0.094523924,0.283571772,NA,NA,14,5,5,NA,NA,NA,5,10,50,NA,0.005213094,0.5,5.21E-06,5.21E-06,5.21E-05,5,1.00E-05,700,1.04E-05,16,KWT,36411.998,0.962044245,50.7663469,37.20977266,EMRB,0.014494949
108,LBN,Lebanon,Asia,MiddleEast,4251000,0,0,0,0.742146196,0.632520561,0.827799266,0,0.739,4251000,0.998094489,0.99647257,0.999055051,0.0009022,0.00046,0.0017386,51.06322876,1.20E-05,6.94E-06,3.72E-05,1000,0.379489713,185.1917944,65.48911272,31.44259268,108,LBN,1,0,1,0,0.094523924,0.283571772,NA,NA,14,5,5,NA,NA,NA,5,10,50,NA,0.005213094,0.5,5.21E-06,5.21E-06,5.21E-05,5,7.46E-06,700,1.04E-05,16,LBN,10044.163,0.6611087,26.85385057,19.68283589,EMRB,0.010843105
117,QAT,Qatar,Asia,MiddleEast,1509000,0,0,0,0.742146196,0.632520561,0.827799266,0,0.831,1509000,0.999438664,0.998649891,0.999776856,0.0009022,0.00046,0.0017386,13.18874999,8.74E-06,5.05E-06,2.71E-05,1000,0.379489713,185.1917944,65.48911272,25.06713781,117,QAT,1,0,1,0,0.094523924,0.283571772,NA,NA,14,5,5,NA,NA,NA,5,10,50,NA,0.005213094,0.5,5.21E-06,5.21E-06,5.21E-05,5,5.43E-06,700,1.04E-05,16,QAT,76167.849,0.860081974,9.903665646,7.25900463,EMRB,0.01535522
120,SAU,Saudi Arabia,Asia,MiddleEast,26245000,0,0,0,0.742146196,0.632520561,0.827799266,0,0.77,26245000,0.998737471,0.997470521,0.999408631,0.0009022,0.00046,0.0017386,463.3333479,1.77E-05,1.02E-05,5.47E-05,1000,0.379489713,185.1917944,65.48911272,17.86367086,120,SAU,1,0,1,0,0.094523924,0.283571772,NA,NA,14,5,5,NA,NA,NA,5,10,50,NA,0.005213094,0.5,5.21E-06,5.21E-06,5.21E-05,5,1.10E-05,700,1.04E-05,16,SAU,16995.78,0.713338118,35.56450569,26.06740986,EMRB,0.012499985
123,SYR,Syrian Arab Republic,Asia,MiddleEast,22505000,0,0,0,0.742146196,0.632520561,0.827799266,0,0.632,22505000,0.992139995,0.988031621,0.995056352,0.0009022,0.00046,0.0017386,1279.817851,5.69E-05,3.29E-05,0.000176255,1000,0.379489713,149.3523153,65.48911272,19.40900676,123,SYR,1,0,1,0,0.094523924,0.283571772,NA,NA,14,5,5,NA,NA,NA,5,10,50,NA,0.005213094,0.5,5.21E-06,5.21E-06,5.21E-05,5,3.53E-05,700,8.89E-08,16,SYR,2877.349,0.552436194,5.63565977,4.130721071,EMRB,0.009063981
129,ARE,United Arab Emirates,Asia,MiddleEast,4709000,0,0,0,0.742146196,0.632520561,0.827799266,0,0.846,4709000,0.999540136,0.998861,0.999823437,0.0009022,0.00046,0.0017386,120.1118303,2.55E-05,1.47E-05,7.91E-05,1000,0.379489713,185.1917944,65.48911272,30.29641612,129,ARE,1,0,1,0,0.094523924,0.283571772,NA,NA,14,5,5,NA,NA,NA,5,10,50,NA,0.005213094,0.5,5.21E-06,5.21E-06,5.21E-05,5,1.58E-05,700,1.04E-05,16,ARE,59716.851,1.223183153,52.23130533,38.28353064,EMRB,0.020723629
132,YEM,Yemen,Asia,MiddleEast,24258000,0,0,0,0.742146196,0.632520561,0.827799266,0,0.462,24258000,0.929379882,0.886260826,0.956062217,0.0009022,0.00046,0.0017386,1078.180312,4.44E-05,2.57E-05,0.000137756,1000,0.379489713,185.1917944,65.48911272,25.06713781,132,YEM,1,0,1,0,0.094523924,0.283571772,NA,NA,14,5,5,NA,NA,NA,5,10,50,NA,0.005213094,0.5,5.21E-06,5.21E-06,5.21E-05,5,2.76E-05,700,1.77E-05,16,YEM,1281.807,0.493306265,4.368872243,3.20554264,EMRD,0.015696022
52,ZMB,Zambia,Africa,SADC,13255000,0,0,0,0.742146196,0.632520561,0.827799266,0,0.43,13255000,0.895820636,0.824187082,0.937417702,0.0003772,0.0003772,0.004230129,735.6941365,5.55E-05,3.53E-05,0.000157082,584.6666667,0.379489713,234.0454485,132.8449541,24.96490768,52,ZMB,1,0,1,0,0,0,NA,NA,14,4,5,NA,NA,NA,4,10,80,NA,0.045265937,1.32,4.03E-08,4.03E-08,4.03E-06,20,1.22E-05,385,5.36E-06,16,ZMB,1221.363,0.807917086,5.339263863,3.916430437,AFRE,0.046207714
88,VEN,Venezuela (Bolivarian Republic of),Americas,Andean,29044000,0,0,0,0.742146196,0.632520561,0.827799266,0,0.735,29044000,0.997990586,0.996313329,0.998989914,0.001489899,0.000616487,0.00340357,3720.374988,0.000128094,8.44E-05,0.00035009,763.2666667,0.379489713,513.3397142,152.2056133,81.43734259,88,VEN,1,0.5,0.5,0,0,0,0,1,14,5,5,14,NA,NA,14,10,60,7,0.023376326,1.3,6.16E-05,6.16E-05,0.000616116,5,3.39E-06,700,1.10E-06,16,VEN,9960.449,0.84203245,35.5920339,26.09689638,AMRB,0.043015054
55,ARG,Argentina,Americas,SouthernCone,40666000,0,0,0,0.742146196,0.632520561,0.827799266,0,0.797,40666000,0.999118017,0.998080969,0.999615217,0.000931663,0.000752849,0.002025225,11467.32625,0.000281988,0.00018681,0.000766378,763.2666667,0.379489713,169.7780904,63.45479789,23.96062611,55,ARG,1,0.5,0.5,0,0,0,0,1,14,5,5,14,NA,NA,14,10,60,7,0.051649801,0.7,0.000154029,0.000154029,0.001540291,5,3.02E-05,700,1.72E-07,16,ARG,9138.177,0.576382367,12.22263151,8.961914033,AMRB,0.022526594
104,KAZ,Kazakhstan,Asia,Eurasia,15752000,0,0,0,0.742146196,0.632520561,0.827799266,0,0.745,15752000,0.998240375,0.996689371,0.999139399,0.002901268,0.0010548,0.0066513,1612.157515,0.000102346,6.97E-05,0.000270687,763.2666667,0.379489713,234.0454485,27.32788137,2.581397556,104,KAZ,1,0,1,0,0,0,NA,NA,14,5,5,NA,NA,NA,5,10,50,NA,0.005744133,0.7,5.74E-05,5.74E-05,5.74E-05,5,0.000106235,700,1.77E-05,16,KAZ,8882.973,0.704837087,6.052491103,4.43517125,EURC,0.022254185
106,KGZ,Kyrgyzstan,Asia,Eurasia,5549000,0,0,0,0.742146196,0.632520561,0.827799266,0,0.615,5549000,0.990165636,0.985314446,0.993650784,0.002901268,0.0010548,0.0066513,347.9295462,6.27E-05,4.27E-05,0.000165834,763.2666667,0.379489713,234.0454485,27.32788137,2.581397556,106,KGZ,1,0,1,0,0,0,NA,NA,14,5,5,NA,NA,NA,5,10,50,NA,0.005744133,0.7,5.74E-05,5.74E-05,5.74E-05,5,6.51E-05,700,1.77E-05,16,KGZ,863.654,0.384109636,2.62375705,1.923002062,EURB,0.026774875
128,TKM,Turkmenistan,Asia,Eurasia,5177000,0,0,0,0.742146196,0.632520561,0.827799266,0,0.686,5177000,0.996151581,0.993562212,0.997816163,0.002901268,0.0010548,0.0066513,880.8446883,0.000170146,0.000115943,0.000450005,763.2666667,0.379489713,234.0454485,27.32788137,2.581397556,128,TKM,1,0,1,0,0,0,NA,NA,14,5,5,NA,NA,NA,5,10,50,NA,0.005744133,0.7,5.74E-05,5.74E-05,5.74E-05,5,0.000176611,700,1.77E-05,16,TKM,3939.17,0.580570547,9.713874802,7.11948588,EURB,0.026791377
137,AZE,Azerbaijan,Europe,Eurasia,8932000,0,0,0,0.742146196,0.632520561,0.827799266,0,0.731,8932000,0.99788103,0.996150662,0.99891924,0.002901268,0.0010548,0.0066513,671.2701352,7.52E-05,5.12E-05,0.000198767,763.2666667,0.379489713,234.0454485,27.32788137,2.581397556,137,AZE,1,0,1,0,0,0,NA,NA,14,5,5,NA,NA,NA,5,10,50,NA,0.005744133,0.7,5.74E-05,5.74E-05,5.74E-05,5,3.50E-06,700,3.47E-06,16,AZE,6008.248,0.598855285,5.767941119,4.227435106,EURB,0.043188223
149,GEO,Georgia,Europe,Eurasia,4218000,0,0,0,0.742146196,0.632520561,0.827799266,0,0.733,4218000,0.997936534,0.99623287,0.998955174,0.0066513,0.0010548,0.0066513,241.1354857,5.72E-05,3.90E-05,0.0001512,763.2666667,0.379489713,234.0454485,27.32788137,2.581397556,149,GEO,1,0,1,0,0,0,NA,NA,14,5.5,5,NA,5.5,NA,5.5,10,50,NA,0.005744133,0.7,5.74E-05,5.74E-05,5.74E-05,5,2.66E-06,700,2.82E-05,16,GEO,2658.018,0.519761764,4.837963551,3.54583664,EURB,0.038487083
64,CRI,Costa Rica,Americas,CentralAmericaMexico,4641000,0,0,0,0.742146196,0.632520561,0.827799266,0,0.744,4641000,0.998216859,0.996653673,0.999125889,0.001632197,0.0004522,0.005470083,0,0,0,0,640,0.379489713,234.0454485,63.45479789,31.92493616,64,CRI,0,0,1,0,0,0,NA,NA,14,5,5,NA,NA,NA,5,10,60,NA,0.040939453,1.203,3.62E-05,3.62E-05,0.000361911,5,0,600,5.39E-06,16,CRI,7842.862,0.699284529,20.21916077,14.82515287,AMRB,0.034487786
1,DZA,Algeria,Africa,NorthAfrica,35419000,0,0,0,0.742146196,0.632520561,0.827799266,0,0.698,35419000,0.996717389,0.994383362,0.99817043,0.002259,0.0002486,0.003353,768.7257,2.17E-05,1.75E-05,4.87E-05,763.2666667,0.379489713,234.0454485,30.91181177,12.57703707,1,DZA,1,0,1,0,0,0,NA,NA,14,5,5,NA,NA,NA,5,10,60,NA,0.009655602,1.43,9.66E-05,9.66E-05,0.00096556,5,1.44E-05,500,2.03E-05,16,DZA,4435.431,0.638227876,5.576714708,4.090903894,AFRD,0.024996941
16,EGY,Egypt,Africa,NorthAfrica,84474000,0,0,0,0.742146196,0.632520561,0.827799266,0,0.644,84474000,0.993291629,0.989615872,0.995869307,0.0023676,0.0002486,0.003353,959.1713343,1.14E-05,9.17E-06,2.55E-05,763.2666667,0.379489713,234.0454485,30.91181177,11.92534231,16,EGY,1,0,1,0,0,0,NA,NA,14,5.5,5,NA,5.5,NA,5.5,10,60,NA,0.009655602,1.43,9.66E-05,9.66E-05,0.00096556,5,7.53E-06,500,1.08E-05,16,EGY,2788.829,0.438879007,3.561288617,2.61299985,EMRD,0.01470967
28,LBY,Libyan Arab Jamahiriya,Africa,NorthAfrica,6544000,0,0,0,0.742146196,0.632520561,0.827799266,0,0.76,6544000,0.998558146,0.997183627,0.999314276,0.00195446,0.0002486,0.003353,144.8300324,2.21E-05,1.79E-05,4.97E-05,763.2666667,0.379489713,234.0454485,30.91181177,14.23235617,28,LBY,1,0,1,0,0,0,NA,NA,14,5,5,NA,NA,NA,5,10,60,NA,0.009655602,1.43,9.66E-05,9.66E-05,0.00096556,5,1.47E-05,500,1.08E-05,16,LBY,11314.15,0.819597613,31.29162559,22.93555368,EMRB,0.013037343
98,IDN,Indonesia,Asia,Indonesia,232517000,0,0,0,0.742146196,0.632520561,0.827799266,0,0.617,232517000,0.990421295,0.985674478,0.993857138,0.001054,0.001054,0.014327,2250.105931,9.68E-06,7.87E-06,2.16E-05,763.2666667,0.379489713,98.25810214,51.83821657,13.0366616,98,IDN,1,0,1,0,0.003249631,0,NA,NA,14,5,5,NA,NA,NA,5,10,80,NA,0.010999999,2.49,1.10E-05,1.10E-05,0.00011,31.7,2.62E-06,500,4.30E-08,10.5,IDN,3015.374,0.686228231,4.410177838,3.233190078,SEARB,0.015700511
126,TLS,Timor-Leste,Asia,Indonesia,1170000,0,0,0,0.742146196,0.632520561,0.827799266,0,0.495,1170000,0.95329522,0.926319952,0.969729371,0.001054,0.001054,0.014327,0,0,0,0,763.2666667,0.379489713,98.25810214,51.83821657,13.0366616,126,TLS,0,0,1,0,0.003249631,0,NA,NA,14,5,5,NA,NA,NA,5,10,80,NA,0.010999999,1.186,1.10E-05,1.10E-05,0.00011,5,0,500,4.30E-08,16,TLS,588.427,0.205697676,2.329382305,1.707655085,SEARD,0.010495019
131,VNM,Viet Nam,Asia,Asia_2,89029000,0,0,0,0.742146196,0.632520561,0.827799266,0,0.593,89029000,0.986866982,0.980525949,0.991231232,0.003783,0.001325,0.0118826,908.1751671,1.02E-05,8.99E-06,2.11E-05,763.2666667,0.379489713,234.0454485,36.84426886,14.70995359,131,VNM,1,0,1,0,0,0.056893339,NA,NA,14,5,5,NA,NA,NA,5,10,100,NA,0.015725213,1.2,7.97E-06,7.97E-06,7.97E-05,5,1.15E-05,500,1.19E-07,16,VNM,1173.548,0.374500301,2.006802107,1.471601278,WPRB,0.012354534
39,RWA,Rwanda,Africa,Congo,10276000,0,0,0,0.742146196,0.632520561,0.827799266,0,0.429,10276000,0.894572919,0.821867709,0.936757061,0.001333152,0.001284031,0.00195446,146.1528634,1.42E-05,1.34E-05,2.75E-05,763.2666667,0.379489713,234.0454485,69.22610823,20.47795568,39,RWA,1,0,1,0,0,0,NA,NA,14,5,5,NA,NA,NA,5,20,100,NA,0.027412449,1.5,0,0,3.77E-06,5,9.75E-06,500,0,16,RWA,562.313,0.462221291,1.423277323,1.043995347,AFRE,0.027168694
67,DOM,Dominican Republic,Americas,Carribbean,10225000,0,0,0,0.742146196,0.632520561,0.827799266,0,0.689,10225000,0.996301545,0.993780651,0.997908776,0.002258525,0.002258525,0.002513886,285.7568587,2.79E-05,2.77E-05,5.16E-05,763.2666667,0.379489713,234.0454485,87.47490529,28.21771138,67,DOM,1,0,1,0,0,0,NA,NA,14,5,5,NA,NA,NA,5,10,50,NA,0.025436186,1.38,6.13E-05,6.13E-05,0.000612645,5,1.87E-05,500,1.27E-05,16,DOM,5228.229,0.591710486,5.07743728,3.722893582,AMRB,0.030332019
73,HTI,Haiti,Americas,Carribbean,10188000,0,0,0,0.742146196,0.632520561,0.827799266,0,0.454,10188000,0.922069875,0.873341366,0.951951554,0.002386206,0.002258525,0.002513886,101.6055771,9.97E-06,1.38E-05,1.33E-05,763.2666667,0.379489713,234.0454485,87.47490529,28.21771138,73,HTI,1,0,1,0,0,0,NA,NA,14,5,5,NA,NA,NA,5,10,50,NA,0.041372301,1.38,6.13E-05,6.13E-05,0.000612645,5,6.16E-06,500,9.66E-06,16,HTI,672.918,0.577845635,3.621873351,2.654668536,AMRD,0.032073147
80,PER,Peru,Americas,Andean,29496000,0,0,0,0.742146196,0.632520561,0.827799266,0,0.725,29496000,0.99770542,0.995865067,0.998805814,0.001588898,0.000616487,0.00340357,380.2896478,1.29E-05,1.97E-05,1.56E-05,763.2666667,0.379489713,426.760882,189.2357468,40.49700227,80,PER,1,1,0,0,0,0,0,1,14,5,5,14,NA,NA,14,10,60,14,0.023663039,1.3,6.16E-05,6.16E-05,0.000616116,5,1.14E-06,700,2.75E-06,16,PER,5171.651,0.554294221,4.914431363,3.602054806,AMRD,0.030032636
119,RUS,Russian Federation,Asia,Eurasia,140367000,0,0,0,0.742146196,0.632520561,0.827799266,0,0.755,140367000,0.998459161,0.997027444,0.999262418,0.0028497,0.0010548,0.0066513,425.6826482,3.03E-06,8.29E-06,2.10E-06,763.2666667,0.379489713,234.0454485,27.32788137,2.581397556,119,RUS,1,0,1,0,0,0,NA,NA,14,5,5,NA,NA,NA,5,10,50,NA,0.035620908,0.7,5.74E-05,5.74E-05,5.74E-05,5,2.60E-06,700,2.45E-05,16,RUS,10437.49,0.659067716,7.05107464,5.166917719,EURC,0.023890902
130,UZB,Uzbekistan,Asia,Eurasia,27793000,0,0,0,0.742146196,0.632520561,0.827799266,0,0.641,27793000,0.993020474,0.989298055,0.99570277,0.001952542,0.0010548,0.0066513,146.7447423,5.28E-06,1.48E-05,3.56E-06,763.2666667,0.379489713,234.0454485,27.32788137,2.581397556,130,UZB,1,0,1,0,0,0,NA,NA,14,5,5,NA,NA,NA,5,10,50,NA,0.035980283,0.7,5.74E-05,5.74E-05,0.009714676,5,4.77E-06,700,1.77E-05,16,UZB,1380.246,0.454141825,1.595133167,1.169103812,EURB,0.022842735
127,TUR,Turkey,Europe,EasternEurope,75705000,0,0,0,0.742146196,0.632520561,0.827799266,0,0.699,75705000,0.996760616,0.99444671,0.998199099,0.0023545,0.0001529,0.0023545,92.97231358,1.23E-06,6.12E-06,4.77E-07,2556,0.379489713,324.6485126,17.11103237,14.21280053,127,TUR,1,0,1,0,0.073653893,0.22096168,NA,NA,14,5,5,NA,5,NA,5,10,50,5,0.035883737,0.8,0.003588374,0.003588374,3.59E-05,5,1.94E-06,700,2.88E-06,16,TUR,10398.685,0.772351848,7.593126874,5.565148889,EURB,0.057044503
133,ALB,Albania,Europe,EasternEurope,3169000,0,0,0,0.742146196,0.632520561,0.827799266,0,0.739,3169000,0.998094489,0.99647257,0.999055051,0.0008416,0.0001529,0.0023545,5.834465704,1.84E-06,9.17E-06,7.15E-07,2556,0.379489713,324.6485126,67.65334442,23.23852268,133,ALB,1,0,1,0,0.073653893,0.22096168,NA,NA,14,5,5,NA,NA,NA,5,10,50,NA,0.035883737,0.8,0.003588374,0.003588374,3.59E-05,5,2.91E-06,700,6.31E-07,16,ALB,3676.945,0.493319625,4.075920399,2.987320541,EURB,0.03499743
135,ARM,Armenia,Europe,EasternEurope,3091000,0,0,0,0.742146196,0.632520561,0.827799266,0,0.716,3091000,0.997414416,0.995424632,0.998623239,0.0008416,0.0001529,0.0023545,4.288171948,1.39E-06,6.91E-06,5.39E-07,2556,0.379489713,324.6485126,67.65334442,23.23852268,135,ARM,1,0,1,0,0.073653893,0.22096168,NA,NA,14,5,5,NA,NA,NA,5,10,50,NA,0.035883737,0.8,0.003588374,0.003588374,3.59E-05,5,2.20E-06,700,2.14E-05,16,ARM,2845.759,0.556918964,3.915761376,2.869936909,EURB,0.040721912
138,BLR,Belarus,Europe,EasternEurope,9592000,0,0,0,0.742146196,0.632520561,0.827799266,0,0.756,9592000,0.998479486,0.997059327,0.999273106,0.0008416,0.0001529,0.0023545,24.17473709,2.52E-06,1.26E-05,9.79E-07,2556,0.379489713,324.6485126,67.65334442,23.23852268,138,BLR,1,0,1,0,0.073653893,0.22096168,NA,NA,14,5,5,NA,NA,NA,5,10,50,NA,0.035883737,0.8,0.003588374,0.003588374,3.59E-05,5,3.99E-06,700,8.34E-06,16,BLR,5800.429,0.417017049,3.975457369,2.913153267,EURC,0.014845957
140,BIH,Bosnia and Herzegovina,Europe,EasternEurope,3759000,0,0,0,0.742146196,0.632520561,0.827799266,0,0.733,3759000,0.997936534,0.99623287,0.998955174,0.0008416,0.0001529,0.0023545,3.775351895,1.00E-06,5.00E-06,3.90E-07,2556,0.379489713,254.1609575,67.65334442,20.96172846,140,BIH,1,0,1,0,0.073653893,0.22096168,NA,NA,14,5,5,NA,NA,NA,5,10,50,NA,0.035883737,0.8,0.003588374,0.003588374,3.59E-05,5,1.59E-06,700,5.32E-07,16,BIH,4318.677,0.554938597,3.477905281,2.549023746,EURB,0.03769459
141,BGR,Bulgaria,Europe,EasternEurope,7498000,0,0,0,0.742146196,0.632520561,0.827799266,0,0.771,7498000,0.99875413,0.997496507,0.999418399,0.0008416,0.0001529,0.0023545,5.674451516,7.57E-07,3.77E-06,2.94E-07,2556,0.379489713,324.6485126,67.65334442,21.18182661,141,BGR,1,0,1,0,0.073653893,0.22096168,NA,NA,14,5,5,NA,NA,NA,5,10,50,NA,0.035883737,0.8,0.003588374,0.003588374,3.59E-05,5,1.20E-06,700,4.00E-07,16,BGR,6334.337,0.492900095,4.901101316,3.592111523,EURB,0.035643953
142,HRV,Croatia,Europe,EasternEurope,4410000,0,0,0,0.742146196,0.632520561,0.827799266,0,0.796,4410000,0.999106219,0.998061176,0.999609296,0.0003968,0.0001529,0.0023545,3.588826578,8.14E-07,4.05E-06,3.16E-07,2556,0.379489713,217.4779327,67.65334442,39.58650746,142,HRV,1,0,1,0,0,0,NA,NA,14,4,5,NA,4,NA,3.5,10,50,NA,0.035883737,0.8,0.003588374,0.003588374,3.59E-05,5,1.29E-06,700,0.000184354,16,HRV,13720.239,0.77587732,26.78433243,19.63283249,EURA,0.075021127
143,CYP,Cyprus,Europe,EasternEurope,880000,0,0,0,0.742146196,0.632520561,0.827799266,0,0.84,880000,0.999501956,0.998782992,0.999805939,0.0008416,0.0001529,0.0023545,0,0,0,0,2556,0.379489713,324.6485126,67.65334442,23.23852268,143,CYP,0,0,1,0,0.073653893,0.22096168,NA,NA,14,5,5,NA,NA,NA,5,10,50,NA,0.035883737,0.8,0.003588374,0.003588374,3.59E-05,5,0,700,2.14E-05,16,CYP,28236.971,0.999337302,17.40898546,12.76073228,EURA,0.096871861
144,CZE,Czech Republic,Europe,EasternEurope,10410000,0,0,0,0.742146196,0.632520561,0.827799266,0,0.865,10410000,0.999642781,0.999074005,0.999869778,0.0008416,0.0001529,0.0023545,8.630573048,8.29E-07,4.13E-06,3.22E-07,2556,0.379489713,324.6485126,91.707562,22.00981488,144,CZE,1,0,1,0,0.073653893,0.22096168,NA,NA,14,5,5,NA,NA,NA,5,10,50,NA,0.035883737,0.8,0.003588374,0.003588374,3.59E-05,5,1.31E-06,700,2.14E-05,16,CZE,18288.284,0.735384628,31.49265229,23.08401632,EURA,0.077997143
146,EST,Estonia,Europe,EasternEurope,1338000,0,0,0,0.742146196,0.632520561,0.827799266,0,0.835,1338000,0.99946773,0.998710645,0.999790531,0.0008416,0.0001529,0.0023545,1.534133447,1.15E-06,5.71E-06,4.45E-07,2556,0.379489713,503.8937499,67.65334442,28.10618424,146,EST,1,0,1,0,0.073653893,0.22096168,NA,NA,14,5,5,NA,NA,NA,5,10,50,NA,0.035883737,0.8,0.003588374,0.003588374,3.59E-05,5,1.81E-06,700,2.14E-05,16,EST,14835.96,0.801140911,29.59382502,21.68589423,EURC,0.030109683
151,GRC,Greece,Europe,EasternEurope,11183000,0,0,0,0.742146196,0.632520561,0.827799266,0,0.861,11183000,0.999623271,0.999032748,0.999861249,0.0008416,0.0001529,0.0023545,0,0,0,0,2556,0.379489713,324.6485126,67.65334442,23.23852268,151,GRC,0,0,1,0,0.073653893,0.22096168,NA,NA,14,5,5,NA,NA,NA,5,10,50,NA,0.035883737,0.8,0.003588374,0.003588374,3.59E-05,5,0,700,2.14E-05,16,GRC,27301.544,0.960177332,32.26476818,23.64997487,EURA,0.098620612
152,HUN,Hungary,Europe,EasternEurope,9972000,0,0,0,0.742146196,0.632520561,0.827799266,0,0.816,9972000,0.999314818,0.998422157,0.99971705,0.0008416,0.0001529,0.0023545,5.415501411,5.43E-07,2.71E-06,2.11E-07,2556,0.379489713,324.6485126,67.65334442,37.33807881,152,HUN,1,0,1,0,0.073653893,0.22096168,NA,NA,14,5,5,NA,NA,NA,5,10,50,NA,0.035883737,0.8,0.003588374,0.003588374,3.59E-05,5,8.60E-07,700,2.14E-05,16,HUN,12879.296,0.687321413,27.46371937,20.12498598,EURC,0.027998315
156,LVA,Latvia,Europe,EasternEurope,2242000,0,0,0,0.742146196,0.632520561,0.827799266,0,0.805,2242000,0.999206964,0.998237053,0.999661037,0.0008416,0.0001529,0.0023545,2.323527691,1.04E-06,5.16E-06,4.02E-07,2556,0.379489713,340.6280874,144.1118831,22.83355884,156,LVA,1,0,1,0,0.073653893,0.22096168,NA,NA,14,5,5,NA,NA,NA,5,10,50,NA,0.035883737,0.8,0.003588374,0.003588374,3.59E-05,5,1.64E-06,700,2.90E-05,16,LVA,10694.594,0.739573366,24.76968082,18.15083647,EURC,0.027137371
157,LTU,Lithuania,Europe,EasternEurope,3254000,0,0,0,0.742146196,0.632520561,0.827799266,0,0.81,3254000,0.999257945,0.998329137,0.999687332,0.0008416,0.0001529,0.0023545,5.111191956,1.57E-06,7.83E-06,6.10E-07,2556,0.379489713,445.4367297,67.65334442,22.06750771,157,LTU,1,0,1,0,0.073653893,0.22096168,NA,NA,14,5,5,NA,NA,NA,5,10,50,NA,0.035883737,0.8,0.003588374,0.003588374,3.59E-05,5,2.49E-06,700,1.94E-05,16,LTU,11043.838,0.642634963,23.78910772,17.43228777,EURC,0.025672268
159,MLT,Malta,Europe,EasternEurope,408000,0,0,0,0.742146196,0.632520561,0.827799266,0,0.832,408000,0.999446076,0.998665192,0.999780356,0.0008416,0.0001529,0.0023545,0,0,0,0,2556,0.379489713,324.6485126,67.65334442,23.23852268,159,MLT,0,0,1,0,0.073653893,0.22096168,NA,NA,14,5,5,NA,NA,NA,5,10,50,NA,0.035883737,0.8,0.003588374,0.003588374,3.59E-05,5,0,700,2.14E-05,16,MLT,19746.38,0.79647242,9.829974206,7.205340565,EURA,0.077327142
165,MDA,Moldova,Europe,EasternEurope,3707000,0,0,0,0.742146196,0.632520561,0.827799266,0,0.649,3707000,0.993720492,0.99015673,0.996156513,0.0008416,0.0001529,0.0023545,0,0,0,0,2556,0.379489713,324.6485126,67.65334442,23.23852268,165,MDA,1,0,1,0,0.073653893,0.22096168,NA,NA,14,5,5,NA,NA,NA,5,10,50,NA,0.035883737,0.8,0.003588374,0.003588374,3.59E-05,5,0,700,7.55E-06,16,MDA,1630.408,0.528892355,3.956433843,2.899213123,EURC,0.019235557
166,ROU,Romania,Europe,EasternEurope,21190000,0,0,0,0.742146196,0.632520561,0.827799266,0,0.781,21190000,0.998909107,0.997739491,0.999507597,0.0008416,0.0001529,0.0023545,24.95078914,1.18E-06,5.87E-06,4.57E-07,2556,0.379489713,324.6485126,85.15702185,16.50736116,166,ROU,1,0,1,0,0.073653893,0.22096168,NA,NA,14,5,5,NA,NA,NA,5,10,50,NA,0.035883737,0.8,0.003588374,0.003588374,3.59E-05,5,1.86E-06,700,2.28E-05,16,ROU,7542.252,0.63593344,5.501794429,4.032371072,EURB,0.039241177
168,SRB,Serbia and Montenegro,Europe,EasternEurope,10525000,0,0,0,0.742146196,0.632520561,0.827799266,0,0.766,10525000,0.998668581,0.997360786,0.999371944,0.0001529,0.0001529,0.0023545,8.072989333,7.67E-07,3.82E-06,2.98E-07,2556,0.379489713,170.3140437,67.65334442,20.96172846,168,SRB,1,0,1,0,0,0,NA,NA,14,5,5,NA,5,NA,5,10,50,NA,0.035883737,0.8,0.003588374,0.003588374,3.59E-05,5,6.06E-22,700,1.74E-05,16,SRB,5233.213,0.48320593,3.614380358,2.649048958,EURB,0.031408385
169,SVK,Slovakia,Europe,EasternEurope,5411000,0,0,0,0.742146196,0.632520561,0.827799266,0,0.834,5411000,0.999460608,0.998695669,0.999787193,0.0008416,0.0001529,0.0023545,3.384182349,6.25E-07,3.12E-06,2.43E-07,2556,0.379489713,324.6485126,67.65334442,26.2729064,169,SVK,1,0,1,0,0.073653893,0.22096168,NA,NA,14,5,5,NA,NA,NA,5,10,50,NA,0.035883737,0.8,0.003588374,0.003588374,3.59E-05,5,9.90E-07,700,2.96E-06,16,SVK,16103.985,0.727744987,8.5248697,6.248041147,EURB,0.055307994
170,SVN,Slovenia,Europe,EasternEurope,2025000,0,0,0,0.742146196,0.632520561,0.827799266,0,0.884,2025000,0.999722522,0.999244223,0.999903784,0.0008416,0.0001529,0.0023545,2.8771959,1.42E-06,7.08E-06,5.52E-07,2556,0.379489713,340.6280874,67.65334442,23.58194451,170,SVN,1,0,1,0,0.073653893,0.22096168,NA,NA,14,5,5,NA,NA,NA,5,10,50,NA,0.035883737,0.8,0.003588374,0.003588374,3.59E-05,5,2.25E-06,700,9.88E-07,16,SVN,23705.694,0.845713785,6.14382343,4.503403494,EURA,0.084513233
174,MKD,The former Yugoslav Republic of Macedonia,Europe,EasternEurope,2041000,0,0,0,0.742146196,0.632520561,0.827799266,0,0.728,2041000,0.997794969,0.996007964,0.99886469,0.0008416,0.0001529,0.0023545,2.345122455,1.15E-06,5.73E-06,4.46E-07,2556,0.379489713,324.6485126,67.65334442,23.23852268,174,MKD,1,0,1,0,0.073653893,0.22096168,NA,NA,14,5,5,NA,NA,NA,5,10,50,NA,0.035883737,0.8,0.003588374,0.003588374,3.59E-05,5,1.82E-06,700,2.14E-05,16,MKD,4431.129,0.455507252,4.027237004,2.951639543,EURB,0.030654332
175,UKR,Ukraine,Europe,EasternEurope,45436000,0,0,0,0.742146196,0.632520561,0.827799266,0,0.729,45436000,0.997824036,0.996057654,0.998883688,0.0004622,0.0001529,0.0023545,38.65936975,8.51E-07,4.24E-06,3.30E-07,2556,0.379489713,324.6485126,0.179222778,12.44602627,175,UKR,1,0,1,0,0,0,NA,NA,14,6,5,NA,6,NA,5.5,10,50,6,0.035883737,0.8,0.003588374,0.003588374,3.59E-05,5,1.35E-06,700,2.41E-05,16,UKR,2999.629,0.446931695,2.742410956,2.009596052,EURC,0.014445004
49,TUN,Tunisia,Africa,NorthAfrica,10374000,0,0,0,0.742146196,0.632520561,0.827799266,0,0.698,10374000,0.996717389,0.994383362,0.99817043,0.003353,0.0002486,0.003353,9.028640894,8.70E-07,5.14E-06,2.87E-07,763.2666667,0.379489713,234.0454485,45.55208183,14.63577826,49,TUN,1,0,1,0,0,0,NA,NA,14,5,5,NA,NA,NA,5,10,60,NA,0.043425872,1.43,9.66E-05,9.66E-05,0.00096556,5,6.90E-07,500,7.71E-06,16,TUN,4200.466,0.44292636,3.191931486,2.339562568,EMRB,0.007437883
122,LKA,Sri Lanka,Asia,Asia_4,20411000,0,0,0,0.742146196,0.632520561,0.827799266,0,0.691,20411000,0.996398272,0.99391974,0.997967974,0.012248,0.002313963,0.012248,4.866517876,2.38E-07,1.53E-06,7.25E-08,763.2666667,0.379489713,107.3524024,9.707274377,12.85981136,122,LKA,1,0,0.05,0.95,0.007,0.243,NA,NA,14,5,4,NA,NA,4,4,10,60,3.8,0.054052129,1.186,0.009312822,0.009312822,0,5,2.57E-07,700,4.23E-05,16,LKA,2435.133,0.466468404,3.010033681,2.206716234,SEARB,0.013312446
125,THA,Thailand,Asia,Asia_4,68139000,0,0,0,0.742146196,0.632520561,0.827799266,0,0.682,68139000,0.995942167,0.993255464,0.997667445,0.005870353,0.002313963,0.012248,24.26602731,3.56E-07,2.33E-06,1.06E-07,763.2666667,0.379489713,76.47600056,39.9100676,15.92084086,125,THA,1,0,0.6,0.4,0,0.06,NA,NA,14,4,4,NA,4,4,4,10,60,4,0.064285714,1.186,0.000177856,0.000177856,0.000149377,5,1.48E-07,700,4.11E-06,16,THA,4991.525,0.543299496,3.987710254,2.923470595,SEARB,0.014523637
54,ATG,Antigua and Barbuda,Americas,Carribbean,87689,0,0,0,0.742146196,0.632520561,0.827799266,0,0.764,87688.78373,0.998632742,0.997303005,0.999353795,0.002386206,0.002258525,0.002513886,0,0,0,0,763.2666667,0.379489713,234.0454485,87.47490529,28.21771138,54,ATG,0,0,1,0,0,0,NA,NA,14,5,5,NA,NA,NA,5,10,50,NA,0.061264538,1.38,6.13E-05,6.13E-05,0.000612645,5,0,500,9.66E-06,16,ATG,12848.663,0.775256955,22.19292545,16.27236245,AMRB,0.036183578
56,BHS,Bahamas,Americas,Carribbean,345000,0,0,0,0.742146196,0.632520561,0.827799266,0,0.771,345000,0.99875413,0.997496507,0.999418399,0.002386206,0.002258525,0.002513886,0,0,0,0,763.2666667,0.379489713,234.0454485,87.47490529,28.21771138,56,BHS,0,0,1,0,0,0,NA,NA,14,5,5,NA,NA,NA,5,10,50,NA,0.061264538,1.38,6.13E-05,6.13E-05,0.000612645,5,0,500,9.66E-06,16,BHS,21878.573,0.844900811,26.55310711,19.46934774,AMRB,0.04130672
57,BRB,Barbados,Americas,Carribbean,256000,0,0,0,0.742146196,0.632520561,0.827799266,0,0.793,256000,0.999069872,0.998000566,0.999590979,0.002386206,0.002258525,0.002513886,0,0,0,0,763.2666667,0.379489713,234.0454485,87.47490529,28.21771138,57,BRB,0,0,1,0,0,0,NA,NA,14,5,5,NA,NA,NA,5,10,50,NA,0.061264538,1.38,6.13E-05,6.13E-05,0.000612645,5,0,500,9.66E-06,16,BRB,14326.463,0.636382866,21.55656601,15.8057691,AMRB,0.039434907
66,DMA,Dominica,Americas,Carribbean,69625,0,0,0,0.742146196,0.632520561,0.827799266,0,0.724,69625,0.997674771,0.995817796,0.99878659,0.002386206,0.002258525,0.002513886,0,0,0,0,763.2666667,0.379489713,234.0454485,87.47490529,28.21771138,66,DMA,0,0,1,0,0,0,NA,NA,14,5,5,NA,NA,NA,5,10,50,NA,0.061264538,1.38,6.13E-05,6.13E-05,0.000612645,5,0,500,9.66E-06,16,DMA,5167.445,0.496107852,20.26962674,14.86215568,AMRB,0.02543151
70,GRD,Grenada,Americas,Carribbean,102000,0,0,0,0.742146196,0.632520561,0.827799266,0,0.748,102000,0.998309082,0.996794398,0.999178569,0.002386206,0.002258525,0.002513886,0,0,0,0,763.2666667,0.379489713,234.0454485,87.47490529,28.21771138,70,GRD,0,0,1,0,0,0,NA,NA,14,5,5,NA,NA,NA,5,10,50,NA,0.061264538,1.38,6.13E-05,6.13E-05,0.000612645,5,0,500,9.66E-06,16,GRD,6542.605,0.613930658,20.67971181,15.16283947,AMRB,0.029353677
75,JAM,Jamaica,Americas,Carribbean,2732000,0,0,0,0.742146196,0.632520561,0.827799266,0,0.727,2732000,0.997765513,0.995958072,0.998845368,0.002386206,0.002258525,0.002513886,0,0,0,0,763.2666667,0.379489713,234.0454485,87.47490529,28.21771138,75,JAM,0,0,1,0,0,0,NA,NA,14,5,5,NA,NA,NA,5,10,50,NA,0.061264538,1.38,6.13E-05,6.13E-05,0.000612645,5,0,500,9.66E-06,16,JAM,5039.382,0.577445512,7.522762352,5.515862064,AMRB,0.029693868
81,KNA,Saint Kitts and Nevis,Americas,Carribbean,51672,0,0,0,0.742146196,0.632520561,0.827799266,0,0.735,51672.28803,0.997990586,0.996313329,0.998989914,0.002386206,0.002258525,0.002513886,0,0,0,0,763.2666667,0.379489713,234.0454485,87.47490529,28.21771138,81,KNA,0,0,1,0,0,0,NA,NA,14,5,5,NA,NA,NA,5,10,50,NA,0.061264538,1.38,6.13E-05,6.13E-05,0.000612645,5,0,500,9.66E-06,16,KNA,9635.99,0.776159506,31.31776393,22.96290351,AMRB,0.039718511
82,LCA,Saint Lucia,Americas,Carribbean,172000,0,0,0,0.742146196,0.632520561,0.827799266,0,0.723,172000,0.997643714,0.995770168,0.998767131,0.002386206,0.002258525,0.002513886,0,0,0,0,763.2666667,0.379489713,234.0454485,87.47490529,28.21771138,82,LCA,0,0,1,0,0,0,NA,NA,14,5,5,NA,NA,NA,5,10,50,NA,0.061264538,1.38,6.13E-05,6.13E-05,0.000612645,5,0,500,9.66E-06,16,LCA,5667.963,0.547635625,25.31363645,18.5605394,AMRB,0.029641199
83,VCT,Saint Vincent and the Grenadines,Americas,Carribbean,106000,0,0,0,0.742146196,0.632520561,0.827799266,0,0.717,106000,0.997448487,0.995478931,0.998644822,0.002386206,0.002258525,0.002513886,0,0,0,0,763.2666667,0.379489713,234.0454485,87.47490529,28.21771138,83,VCT,0,0,1,0,0,0,NA,NA,14,5,5,NA,NA,NA,5,10,50,NA,0.061264538,1.38,6.13E-05,6.13E-05,0.000612645,5,0,500,9.66E-06,16,VCT,5228.57,0.524429765,5.185904807,3.802424463,AMRB,0.028671234
85,TTO,Trinidad and Tobago,Americas,Carribbean,1344000,0,0,0,0.742146196,0.632520561,0.827799266,0,0.76,1344000,0.998558146,0.997183627,0.999314276,0.002386206,0.002258525,0.002513886,0,0,0,0,763.2666667,0.379489713,234.0454485,87.47490529,28.21771138,85,TTO,0,0,1,0,0,0,NA,NA,14,5,5,NA,NA,NA,5,10,50,NA,0.061264538,1.38,6.13E-05,6.13E-05,0.000612645,5,0,500,9.66E-06,16,TTO,20228.27,0.944043268,43.21979153,31.6897434,AMRB,0.065617092
163,POL,Poland,Europe,EasternEurope,38038000,0,0,0,0.742146196,0.632520561,0.827799266,0,0.813,38038000,0.999286948,0.998376366,0.999703054,0.0008416,0.0001529,0.0023545,1.509368437,3.97E-08,1.16E-06,2.80E-09,2556,0.379489713,324.6485126,67.65334442,20.50986589,163,POL,1,0,1,0,0.073653893,0.22096168,NA,NA,14,5,5,NA,NA,NA,5,10,50,NA,0.119934381,0.8,0.003588374,0.003588374,3.59E-05,5,1.45E-06,700,1.84E-07,16,POL,12300.126,0.649557943,23.15937471,16.97395165,EURB,0.046846566
45,ZAF,South Africa,Africa,SADC,50491000,0,0,0,0.742146196,0.632520561,0.827799266,0,0.619,50491000,0.99067037,0.986064656,0.994048771,0.004230129,0.0003772,0.004230129,4.166901641,8.25E-08,2.62E-06,5.37E-09,584.6666667,0.379489713,234.0454485,132.8449541,24.68670822,45,ZAF,1,0,1,0,0,0.024659237,NA,NA,14,4,5,NA,4,NA,4,10,80,NA,0.029708265,1.92,0.000815987,0.000815987,0.000198055,20,1.29E-06,600,4.65E-05,16,ZAF,7157.801,0.681852289,5.896403291,4.325100597,AFRE,0.040637477
71,GTM,Guatemala,Americas,CentralAmericaMexico,14376000,0,0,0,0.742146196,0.632520561,0.827799266,0,0.574,14376000,0.983155114,0.97509972,0.988591514,0.000696298,0.0004522,0.005470083,0.750794852,5.22E-08,1.66E-06,3.40E-09,640,0.379489713,234.0454485,63.45479789,22.7414349,71,GTM,1,0,1,0,0,0,NA,NA,14,3.5,5,NA,3.5,NA,3.5,10,60,NA,0.112511825,1.47,3.62E-05,3.62E-05,0.000361911,5,1.40E-07,700,2.23E-05,16,GTM,2887.642,0.591182711,5.03874206,3.693168897,AMRD,0.032540489
101,ISR,Israel,Asia,MiddleEast,7284000,0,0,0,0.742146196,0.632520561,0.827799266,0,0.888,7284000,0.999736893,0.999275554,0.999910191,0.0009022,0.00046,0.0017386,0.101584229,1.39E-08,4.54E-07,8.87E-10,1000,0.379489713,157.6981881,65.48911272,20.96172846,101,ISR,1,0,1,0,0.094523924,0.283571772,NA,NA,14,5,5,NA,NA,NA,5,10,50,NA,0.017847337,0.5,5.21E-06,5.21E-06,0.002059308,5,2.10E-08,700,5.77E-06,16,ISR,28685.616,0.971360827,29.05849164,21.29978413,EURA,0.100061114
65,CUB,Cuba,Americas,Carribbean,11204000,0,0,0,0.742146196,0.632520561,0.827799266,0,0.776,11204000,0.998834188,0.997620999,0.999464872,0.002513886,0.002258525,0.002513886,0.651442894,5.81E-08,2.32E-06,3.03E-09,763.2666667,0.379489713,234.0454485,87.47490529,28.21771138,65,CUB,1,0,1,0,0,0,NA,NA,14,5,5,NA,NA,NA,5,10,50,NA,0.076930739,1.38,6.13E-05,6.13E-05,0.000612645,5,1.56E-07,500,6.60E-06,16,CUB,1500,0.3,2.166,1.587968021,AMRA,0.0105
62,CHL,Chile,Americas,SouthernCone,17134000,0,0,0,0.742146196,0.632520561,0.827799266,0,0.805,17134000,0.999206964,0.998237053,0.999661037,0.002025225,0.000752849,0.002025225,0,0,0,0,763.2666667,0.379489713,169.7797147,63.45479789,18.27356771,62,CHL,0,0,1,0,0,0,NA,NA,14,5,5,NA,NA,NA,5,10,60,NA,0.154029115,0.7,0.000154029,0.000154029,0.001540291,5,0,700,1.25E-05,16,CHL,11827.958,0.78842809,25.08988419,18.3964791,AMRB,0.035606447
87,URY,Uruguay,Americas,SouthernCone,3373000,0,0,0,0.742146196,0.632520561,0.827799266,0,0.783,3373000,0.99893771,0.997785222,0.999522947,0.000752849,0.000752849,0.002025225,0,0,0,0,763.2666667,0.379489713,169.7797147,63.45479789,12.72377072,87,URY,0,0,1,0,0.006993007,0.006993007,NA,NA,14,5,5,NA,NA,NA,5,10,60,NA,0.154029115,0.7,0.000154029,0.000154029,0.001540291,5,0,700,1.04E-05,16,URY,11997.896,0.839242121,24.24923568,17.78009632,AMRB,0.042180481
69,SLV,El Salvador,Americas,CentralAmericaMexico,6193000,0,0,0,0.742146196,0.632520561,0.827799266,0,0.674,6193000,0.995488689,0.992619432,0.997352837,0.005470083,0.0004522,0.005470083,0.157325411,2.54E-08,1.18E-06,1.14E-09,640,0.379489713,234.0454485,63.45479789,43.77639343,69,SLV,1,0,1,0,0.234787871,0,NA,NA,14,5,5,NA,NA,NA,5,10,60,NA,0.1813596,1.47,0,0,0,5,7.24E-08,650,4.84E-05,16,SLV,3700.755,0.498097454,38.42788636,28.17620851,AMRB,0.025244986
58,BLZ,Belize,Americas,CentralAmericaMexico,314000,0,0,0,0.742146196,0.632520561,0.827799266,0,0.699,314000,0.996760616,0.99444671,0.998199099,0.001632197,0.0004522,0.005470083,0,0,0,0,640,0.379489713,234.0454485,63.45479789,33.15486499,58,BLZ,0,0,1,0,0,0,NA,NA,14,5,5,NA,NA,NA,5,10,60,NA,0.03619111,1.43,3.62E-05,3.62E-05,0.000361911,5,0,700,1.79E-05,16,BLZ,4158.712,0.526728944,16.85226214,12.3564655,AMRB,0.027302759
72,GUY,Guyana,Americas,CentralAmericaMexico,763000,0,0,0,0.742146196,0.632520561,0.827799266,0,0.633,763000,0.992243029,0.98818987,0.995125174,0.0004522,0.0004522,0.005470083,0.008589948,1.13E-08,7.46E-07,3.60E-10,640,0.379489713,234.0454485,63.45479789,33.15486499,72,GUY,1,0,1,0,0,0,NA,NA,14,5,5,NA,NA,NA,5,10,60,NA,0.03619111,1.43,3.62E-05,3.62E-05,0.000361911,5,1.88E-08,700,1.79E-05,16,GUY,2868.138,0.411830393,2.471503937,1.812163428,AMRB,0.020223865
84,SUR,Suriname,Americas,CentralAmericaMexico,527000,0,0,0,0.742146196,0.632520561,0.827799266,0,0.68,527000,0.995833242,0.993096689,0.997589436,0.001632197,0.0004522,0.005470083,0.003167883,6.01E-09,3.98E-07,1.92E-10,640,0.379489713,234.0454485,63.45479789,33.15486499,84,SUR,1,0,1,0,0,0,NA,NA,14,5,5,NA,NA,NA,5,10,60,NA,0.03619111,1.43,3.62E-05,3.62E-05,0.000361911,5,1.00E-08,700,1.79E-05,16,SUR,6975.453,0.781633336,7.406016669,5.430261449,AMRB,0.033636099
60,BRA,Brazil,Americas,Brazil,195424000,0,0,0,0.742146196,0.632520561,0.827799266,0,0.718,195424000,0.997482111,0.995528478,0.998666067,0.002193609,0.001419114,0.002386206,9.807869315,5.02E-08,3.81E-06,1.41E-09,763.2666667,0.379489713,234.0454485,63.45479789,9.836693478,60,BRA,1,0,1,0,0.055873669,0.083810504,NA,NA,14,5,5,NA,NA,NA,5,10,60,NA,0.059059926,1.44,4.87E-05,4.87E-05,0.000349522,5,1.52E-08,700,9.21E-05,16,BRA,10816.487,0.962365943,7.809182976,5.725872241,AMRB,0.043604847
63,COL,Colombia,Americas,Andean,46299000,0,0,0,0.742146196,0.632520561,0.827799266,0,0.71,46299000,0.997200244,0.995088176,0.998486341,0.000774045,0.000616487,0.00340357,0.339797011,7.34E-09,1.20E-06,9.85E-11,763.2666667,0.379489713,426.760882,97.99766136,24.8284979,63,COL,1,0,1,0,0,0.05,NA,NA,14,5,5,NA,NA,NA,5,10,60,NA,0.060245146,1.3,6.16E-05,6.16E-05,0.000616116,5,1.59E-08,700,3.28E-06,16,COL,6273.372,0.655793455,4.584971978,3.361806716,AMRB,0.032298271
76,MEX,Mexico,Americas,CentralAmericaMexico,110647000,0,0,0,0.742146196,0.632520561,0.827799266,0,0.77,110647000,0.998737471,0.997470521,0.999408631,0.00070992,0.0004522,0.005470083,0.131189742,1.19E-09,3.76E-07,8.38E-12,640,0.379489713,234.0454485,63.45479789,20.66856605,76,MEX,1,0,1,0,0.092283309,0,NA,NA,14,4.5,5,NA,4.5,NA,5,10,60,NA,0.148774364,1.494,0.00542265,0.00542265,0.001355663,5,4.54E-09,550,3.03E-06,16,MEX,9565.962,0.66292895,22.47281823,16.47758626,AMRB,0.031529682
86,USA,United States of America,Americas,NorthAmerica,317640000,0,0,0,0.742146196,0.632520561,0.827799266,0,0.91,317640000,0.999803622,0.999424719,0.999938495,0,0,0,0,0,0,0,763.2666667,0.379489713,234.0454485,63.45479789,28.21771138,86,USA,0,0,1,0,0,0,NA,NA,14,4,5,NA,NA,NA,4,10,50,NA,0.188893087,0.5,0.001881595,0.001881595,0,20,0,1000,0,16,USA,47283.633,1,37.03390558,27.15081153,AMRA,0.039088863
59,BOL,Bolivia,Americas,Andean,10028000,0,0,0,0.742146196,0.632520561,0.827799266,0,0.663,10028000,0.994781713,0.991656206,0.996899378,0.00340357,0.000616487,0.00340357,0.022977908,2.29E-09,9.41E-07,1.26E-11,763.2666667,0.379489713,469.678233,169.3834316,49.33939811,59,BOL,1,1,0,0,0,0,0,1,14,5,5,14,NA,NA,5,10,60,14,0.22002144,1.5,6.16E-05,6.16E-05,0.000616116,5,1.00E-08,700,5.98E-05,16,BOL,1858.142,0.404603857,3.570239023,2.616822921,AMRD,0.021932873
68,ECU,Ecuador,Americas,Andean,13772000,0,0,0,0.742146196,0.632520561,0.827799266,0,0.72,13772000,0.997548038,0.995624018,0.998707564,0.000616487,0.000616487,0.00340357,0.008455666,6.14E-10,3.04E-07,2.82E-12,763.2666667,0.379489713,297.2646988,152.2056133,40.35562846,68,ECU,1,1,0,0,0,0,0,1,14,5,5,14,NA,NA,14,10,60,14,0.11326641,1.3,6.16E-05,6.16E-05,0.000616116,5,1.88E-09,700,1.89E-06,16,ECU,3983.802,0.512332141,5.091450078,3.731801477,AMRD,0.026330783
74,HND,Honduras,Americas,CentralAmericaMexico,7619000,0,0,0,0.742146196,0.632520561,0.827799266,0,0.625,7619000,0.991379738,0.98709072,0.994546752,0.00070466,0.0004522,0.005470083,0.000712472,9.35E-11,1.31E-07,1.57E-13,640,0.379489713,234.0454485,63.45479789,46.66299442,74,HND,1,1,0,0,0,0,0,1,14,5,5,14,NA,NA,14,10,60,14,0.120672529,1.491,0.000656254,0.000656254,2.76E-05,5,3.71E-10,700,2.36E-06,16,HND,2015.576,0.456319808,3.713362027,2.722722289,AMRB,0.02437701
79,PRY,Paraguay,Americas,SouthernCone,6459000,0,0,0,0.742146196,0.632520561,0.827799266,0,0.665,6459000,0.994917986,0.991843019,0.996988949,0.001966719,0.000752849,0.002025225,0,0,0,0,763.2666667,0.379489713,169.7813389,63.45479789,36.23190927,79,PRY,0,0,1,0,0,0,NA,NA,14,5,5,NA,NA,NA,5,10,60,NA,0.10837591,1.47,0.000154029,0.000154029,0.001540291,5,0,700,2.71E-05,16,PRY,2885.793,0.554710892,3.999380943,2.932437926,AMRB,0.027527545
77,NIC,Nicaragua,Americas,CentralAmericaMexico,5821000,0,0,0,0.742146196,0.632520561,0.827799266,0,0.589,5821000,0.986159359,0.979553057,0.990742308,0.001760021,0.0004522,0.005470083,0,0,0,0,640,0.379489713,234.0454485,63.45479789,33.15486499,77,NIC,0,0,1,0,0,0,NA,NA,14,5,5,NA,NA,NA,5,10,60,NA,0.111664662,1.5,0.000515375,0.000515375,0.000361911,5,0,700,2.58E-05,16,NIC,1126.549,0.369907184,2.986845457,2.189221954,AMRD,0.021794591
61,CAN,Canada,Americas,NorthAmerica,33891000,NA,NA,NA,NA,NA,NA,NA,0.908,33891000,0.999798329,0.999413787,0.999936342,0,0,0,NA,NA,NA,NA,763.2666667,0.379489713,234.0454485,63.45479789,28.21771138,61,CAN,0,0,1,0,0,0,NA,NA,14,4,5,NA,NA,NA,4,10,50,NA,0.240946033,0.5,0.001881595,0.001881595,0,20,0,1000,0,16,CAN,46214.914,1.183254951,41.1473558,30.16652132,AMRA,0.044910125
93,BRN,Brunei Darussalam,Asia,Asia_1,408000,NA,NA,NA,NA,NA,NA,NA,0.838,408000,0.999488538,0.998754553,0.999799994,0,0,0,NA,NA,NA,NA,763.2666667,0.379489713,234.0454485,63.45479789,121.1460741,93,BRN,0,0,1,0,0,0,NA,NA,14,5,5,NA,NA,NA,5,10,50,NA,0,0.5,0,0,0,20,0,700,0,16,BRN,31238.64,0.638935835,42.22137221,30.94963657,WPRA,0.052075076
102,JPN,Japan,Asia,Asia_1,126996000,NA,NA,NA,NA,NA,NA,NA,0.901,126996000,0.999778658,0.99936869,0.999928197,0,0,0,NA,NA,NA,NA,763.2666667,0.379489713,234.0454485,63.45479789,106.5991233,102,JPN,0,0,1,0,0,0,NA,NA,14,5,5,NA,NA,NA,5,10,50,NA,0.039371319,4,0,0,0,20,0,700,0,16,JPN,42820.392,1.266697228,44.23382456,32.42482949,WPRA,0.110247286
109,MYS,Malaysia,Asia,Asia_1,27915000,NA,NA,NA,NA,NA,NA,NA,0.761,27915000,0.998577167,0.997213957,0.999324315,0,0,0,NA,NA,NA,NA,763.2666667,0.379489713,234.0454485,63.45479789,149.3430557,109,MYS,0,0,1,0,0,0,NA,NA,14,5,5,NA,NA,NA,5,10,50,NA,0,0.5,0,0,0,20,0,700,0,16,MYS,8423.176,0.574186158,18.31831568,13.43294223,WPRB,0.01842457
110,MDV,Maldives,Asia,Asia_1,313000,NA,NA,NA,NA,NA,NA,NA,0.661,313000,0.994641805,0.991465972,0.996802858,0,0,0,NA,NA,NA,NA,763.2666667,0.379489713,234.0454485,63.45479789,121.1460741,110,MDV,0,0,1,0,0,0,NA,NA,14,5,5,NA,NA,NA,5,10,50,NA,0,0.5,0,0,0,20,0,700,0,16,MDV,5841.327,0.683896274,4.067050686,2.981528525,SEARD,0.043311587
118,KOR,Republic of Korea,Asia,Asia_1,48502000,NA,NA,NA,NA,NA,NA,NA,0.897,48502000,0.999766567,0.999341385,0.999923083,0,0,0,NA,NA,NA,NA,763.2666667,0.379489713,234.0454485,63.45479789,121.1460741,118,KOR,0,0,1,0,0,0,NA,NA,14,5,5,NA,NA,NA,5,10,50,NA,0,0.5,0,0,0,20,0,700,0,16,KOR,20590.962,0.690140052,21.45237833,15.73117113,WPRB,0.023767076
121,SGP,Singapore,Asia,Asia_1,4839000,NA,NA,NA,NA,NA,NA,NA,0.866,4839000,0.999647499,0.999084042,0.999871826,0,0,0,NA,NA,NA,NA,763.2666667,0.379489713,234.0454485,63.45479789,107.4960434,121,SGP,0,0,1,0,0,0,NA,NA,14,5,5,NA,NA,NA,5,10,50,NA,0,0.5,0,0,0,20,0,700,0,16,SGP,43116.689,0.762833838,35.21914628,25.81677764,WPRA,0.067474181
134,AND,Andorra,Europe,EU,83365,NA,NA,NA,NA,NA,NA,NA,0.838,83364.63508,0.999488538,0.998754553,0.999799994,0,0,0,NA,NA,NA,NA,763.2666667,0.379489713,234.0454485,63.45479789,28.21771138,134,AND,0,0,1,0,0,0,NA,NA,14,4,5,NA,NA,NA,4,10,50,NA,0.095050496,0.5,0.00950505,0.00950505,9.51E-05,5,0,700,0,16,FRA,41018.597,1.203701877,40.26382778,29.51326072,EURA,0.108333169
136,AUT,Austria,Europe,EU,8386000,NA,NA,NA,NA,NA,NA,NA,0.885,8386000,0.999726187,0.99925218,0.999905427,0,0,0,NA,NA,NA,NA,763.2666667,0.379489713,234.0454485,63.45479789,28.21771138,136,AUT,0,0,1,0,0,0,NA,NA,14,4,5,NA,NA,NA,4,10,50,NA,0.095050496,0.5,0.00950505,0.00950505,9.51E-05,5,0,700,0,16,AUT,44986.583,1.135046619,39.47757856,28.93694248,EURA,0.114375924
139,BEL,Belgium,Europe,EU,10700000,NA,NA,NA,NA,NA,NA,NA,0.886,10700000,0.999729803,0.999260054,0.999907043,0,0,0,NA,NA,NA,NA,763.2666667,0.379489713,234.0454485,63.45479789,28.21771138,139,BEL,0,0,1,0,0,0,NA,NA,14,4,5,NA,NA,NA,4,10,50,NA,0.095050496,0.5,0.00950505,0.00950505,9.51E-05,5,0,700,0,16,BEL,42630.113,1.180882197,39.36512662,28.85451556,EURA,0.119558273
145,DNK,Denmark,Europe,EU,5479000,NA,NA,NA,NA,NA,NA,NA,0.895,5479000,0.999760276,0.999327292,0.999920391,0,0,0,NA,NA,NA,NA,763.2666667,0.379489713,234.0454485,63.45479789,28.21771138,145,DNK,0,0,1,0,0,0,NA,NA,14,4,5,NA,NA,NA,4,10,50,NA,0.095050496,0.5,0.00950505,0.00950505,9.51E-05,5,0,700,0,16,DNK,56147.143,1.540406859,51.71559259,37.90736876,EURA,0.151396094
147,FIN,Finland,Europe,EU,5346000,NA,NA,NA,NA,NA,NA,NA,0.882,5346000,0.999715044,0.999228053,0.999900551,0,0,0,NA,NA,NA,NA,763.2666667,0.379489713,234.0454485,63.45479789,28.21771138,147,FIN,0,0,1,0,0,0,NA,NA,14,4,5,NA,NA,NA,4,10,50,NA,0.095050496,0.5,0.00950505,0.00950505,9.51E-05,5,0,700,0,16,FIN,44488.643,1.286339751,43.0620193,31.56432641,EURA,0.129758067
148,FRA,France,Europe,EU,62634000,NA,NA,NA,NA,NA,NA,NA,0.884,62634000,0.999722522,0.999244223,0.999903784,0,0,0,NA,NA,NA,NA,763.2666667,0.379489713,234.0454485,63.45479789,28.21771138,148,FRA,0,0,1,0,0,0,NA,NA,14,4,5,NA,NA,NA,4,10,50,NA,0.095050496,0.5,0.00950505,0.00950505,9.51E-05,5,0,700,0,16,FRA,41018.597,1.203701877,39.15386016,28.6996579,EURA,0.119930353
150,DEU,Germany,Europe,EU,82056000,NA,NA,NA,NA,NA,NA,NA,0.905,82056000,0.999790122,0.999394864,0.999932971,0,0,0,NA,NA,NA,NA,763.2666667,0.379489713,234.0454485,63.45479789,28.21771138,150,DEU,0,0,1,0,0,0,NA,NA,14,4,5,NA,NA,NA,4,10,50,NA,0.095050496,0.5,0.00950505,0.00950505,9.51E-05,5,0,700,0,16,DEU,40631.243,1.127603107,38.31279312,28.08315837,EURA,0.115628959
153,ISL,Iceland,Europe,EU,330000,NA,NA,NA,NA,NA,NA,NA,0.898,330000,0.99976965,0.99934832,0.999924395,0,0,0,NA,NA,NA,NA,763.2666667,0.379489713,234.0454485,63.45479789,28.21771138,153,ISL,0,0,1,0,0,0,NA,NA,14,4,5,NA,NA,NA,4,10,50,NA,0.095050496,0.5,0.00950505,0.00950505,9.51E-05,5,0,700,0,16,ISL,39025.702,1.065678852,36.48911081,26.7464049,EURA,0.106338442
154,IRL,Ireland,Europe,EU,4589000,NA,NA,NA,NA,NA,NA,NA,0.908,4589000,0.999798329,0.999413787,0.999936342,0,0,0,NA,NA,NA,NA,763.2666667,0.379489713,234.0454485,63.45479789,28.21771138,154,IRL,0,0,1,0,0,0,NA,NA,14,4,5,NA,NA,NA,4,10,50,NA,0.095050496,0.5,0.00950505,0.00950505,9.51E-05,5,0,700,0,16,IRL,45688.759,1.185188026,45.34090488,33.23474246,EURA,0.128803984
155,ITA,Italy,Europe,EU,60098000,NA,NA,NA,NA,NA,NA,NA,0.874,60098000,0.999683065,0.999159844,0.999887098,0,0,0,NA,NA,NA,NA,763.2666667,0.379489713,234.0454485,63.45479789,28.21771138,155,ITA,0,0,1,0,0,0,NA,NA,14,4,5,NA,NA,NA,4,10,50,NA,0.095050496,0.5,0.00950505,0.00950505,9.51E-05,5,0,700,0,16,ITA,34058.72,1.158759289,37.18568355,27.25699056,EURA,0.115563243
158,LUX,Luxembourg,Europe,EU,492000,NA,NA,NA,NA,NA,NA,NA,0.867,492000,0.999652154,0.99909397,0.999873843,0,0,0,NA,NA,NA,NA,763.2666667,0.379489713,234.0454485,63.45479789,28.21771138,158,LUX,0,0,1,0,0,0,NA,NA,14,4,5,NA,NA,NA,4,10,50,NA,0.095050496,0.5,0.00950505,0.00950505,9.51E-05,5,0,700,0,16,LUX,108831.704,1.337273898,52.34691857,38.37012874,EURA,0.122739398
160,MCO,Monaco,Europe,EU,33105,NA,NA,NA,NA,NA,NA,NA,0.946,33105.07248,0.999878326,0.999607958,0.999965603,0,0,0,NA,NA,NA,NA,763.2666667,0.379489713,234.0454485,63.45479789,28.21771138,160,MCO,0,0,1,0,0,0,NA,NA,14,4,5,NA,NA,NA,4,10,50,NA,0.095050496,0.5,0.00950505,0.00950505,9.51E-05,5,0,700,0,16,FRA,41018.597,1.203701877,54.31102868,39.80981535,EURA,0.108333169
161,NLD,Netherlands,Europe,EU,16653000,NA,NA,NA,NA,NA,NA,NA,0.91,16653000,0.999803622,0.999424719,0.999938495,0,0,0,NA,NA,NA,NA,763.2666667,0.379489713,234.0454485,63.45479789,28.21771138,161,NLD,0,0,1,0,0,0,NA,NA,14,4,5,NA,NA,NA,4,10,50,NA,0.095050496,0.5,0.00950505,0.00950505,9.51E-05,5,0,700,0,16,NLD,47172.14,1.157185405,39.57676923,29.00964894,EURA,0.115306218
162,NOR,Norway,Europe,EU,4857000,NA,NA,NA,NA,NA,NA,NA,0.943,4857000,0.999873374,0.999595071,0.999963912,0,0,0,NA,NA,NA,NA,763.2666667,0.379489713,234.0454485,63.45479789,28.21771138,162,NOR,0,0,1,0,0,0,NA,NA,14,4,5,NA,NA,NA,4,10,50,NA,0.095050496,0.5,0.00950505,0.00950505,9.51E-05,5,0,700,0,16,NOR,84443.634,1.623525581,55.84587292,40.93485142,EURA,0.147293143
164,PRT,Portugal,Europe,EU,10733000,NA,NA,NA,NA,NA,NA,NA,0.809,10733000,0.999248018,0.998313092,0.999681972,0,0,0,NA,NA,NA,NA,763.2666667,0.379489713,234.0454485,63.45479789,28.21771138,164,PRT,0,0,1,0,0,0,NA,NA,14,4,5,NA,NA,NA,4,10,50,NA,0.095050496,0.5,0.00950505,0.00950505,9.51E-05,5,0,700,0,16,PRT,21558.78,0.928346339,26.92323476,19.73464746,EURA,0.091856591
167,SMR,San Marino,Europe,EU,29198,NA,NA,NA,NA,NA,NA,NA,0.944,29197.53728,0.999875047,0.999599518,0.999964478,0,0,0,NA,NA,NA,NA,763.2666667,0.379489713,234.0454485,63.45479789,28.21771138,167,SMR,0,0,1,0,0,0,NA,NA,14,4,5,NA,NA,NA,4,10,50,NA,0.095050496,0.5,0.00950505,0.00950505,9.51E-05,5,0,700,0,16,ITA,34058.72,1.158759289,39.02701285,28.60667922,EURA,0.104288336
171,ESP,Spain,Europe,EU,45317000,NA,NA,NA,NA,NA,NA,NA,0.878,45317000,0.99969948,0.99919467,0.999894038,0,0,0,NA,NA,NA,NA,763.2666667,0.379489713,234.0454485,63.45479789,28.21771138,171,ESP,0,0,1,0,0,0,NA,NA,14,4,5,NA,NA,NA,4,10,50,NA,0.095050496,0.5,0.00950505,0.00950505,9.51E-05,5,0,700,0,16,ESP,30639.295,1.03017878,33.28902477,24.40075178,EURA,0.103599162
172,SWE,Sweden,Europe,EU,9294000,NA,NA,NA,NA,NA,NA,NA,0.904,9294000,0.999787313,0.999388424,0.999931808,0,0,0,NA,NA,NA,NA,763.2666667,0.379489713,234.0454485,63.45479789,28.21771138,172,SWE,0,0,1,0,0,0,NA,NA,14,4,5,NA,NA,NA,4,10,50,NA,0.095050496,0.5,0.00950505,0.00950505,9.51E-05,5,0,700,0,16,SWE,48874.608,1.285109148,43.35394225,31.77830503,EURA,0.127884983
173,CHE,Switzerland,Europe,EU,7597000,NA,NA,NA,NA,NA,NA,NA,0.903,7597000,0.999784466,0.999381916,0.999930625,0,0,0,NA,NA,NA,NA,763.2666667,0.379489713,234.0454485,63.45479789,28.21771138,173,CHE,0,0,1,0,0,0,NA,NA,14,4,5,NA,NA,NA,4,10,50,NA,0.095050496,0.5,0.00950505,0.00950505,9.51E-05,5,0,700,0,16,CHE,67245.997,1.614044143,53.98886727,39.57367204,EURA,0.1570066
176,GBR,United Kingdom,Europe,EU,61899000,NA,NA,NA,NA,NA,NA,NA,0.863,61899000,0.999633156,0.999053601,0.999865581,0,0,0,NA,NA,NA,NA,763.2666667,0.379489713,234.0454485,63.45479789,28.21771138,176,GBR,0,0,1,0,0,0,NA,NA,14,4,5,NA,NA,NA,4,10,50,NA,0.095050496,0.5,0.00950505,0.00950505,9.51E-05,5,0,700,0,16,GBR,36119.846,1.034374336,33.83123038,24.7981868,EURA,0.10340566
177,AUS,Australia,Oceania,Oceania,21511000,NA,NA,NA,NA,NA,NA,NA,0.929,21511000,0.999847464,0.99952738,0.999954966,0,0,0,NA,NA,NA,NA,763.2666667,0.379489713,240.7406631,63.45479789,87.22400453,177,AUS,0,0,1,0,0,0,NA,NA,14,5,5,NA,NA,NA,5,10,50,NA,0,0.5,0.001881595,0.001881595,0.001881595,20,0,700,0,16,AUS,55589.549,1.400263173,46.11414757,33.80316729,WPRA,0.110814468
178,COK,Cook Islands,Oceania,Oceania,18027,NA,NA,NA,NA,NA,NA,NA,0.908,18027,0.999798329,0.999413787,0.999936342,0,0,0,NA,NA,NA,NA,763.2666667,0.379489713,215.7461961,63.45479789,85.01141597,178,COK,0,0,1,0,0,0,NA,NA,14,5,5,NA,NA,NA,5,10,50,NA,0,0.5,0.001881595,0.001881595,0.001881595,20,0,700,0,16,COK,2305.628769,0.474618979,4.722458845,3.463010352,WPRB,0.014238569
179,FJI,Fiji,Oceania,Oceania,854000,NA,NA,NA,NA,NA,NA,NA,0.688,854000,0.996252215,0.993709925,0.997878517,0,0,0,NA,NA,NA,NA,763.2666667,0.379489713,215.7461961,63.45479789,85.01141597,179,FJI,0,0,1,0,0,0,NA,NA,14,5,5,NA,NA,NA,5,10,50,NA,0,0.5,0.001881595,0.001881595,0.001881595,20,0,700,0,16,FJI,3517.833,0.8091982,4.941291362,3.623481687,WPRB,0.02815158
180,KIR,Kiribati,Oceania,Oceania,100059,NA,NA,NA,NA,NA,NA,NA,0.624,100058.9403,0.991265337,0.986959096,0.994468758,0,0,0,NA,NA,NA,NA,763.2666667,0.379489713,215.7461961,63.45479789,85.01141597,180,KIR,0,0,1,0,0,0,NA,NA,14,5,5,NA,NA,NA,5,10,50,NA,0,0.5,0.001881595,0.001881595,0.001881595,20,0,700,0,16,KIR,1479.181,0.23823364,3.49738057,2.564652339,WPRB,0.008530994
181,MHL,Marshall Islands,Oceania,Oceania,63391,NA,NA,NA,NA,NA,NA,NA,0.563,63390.77545,0.980553077,0.971344059,0.986869001,0,0,0,NA,NA,NA,NA,763.2666667,0.379489713,215.7461961,63.45479789,85.01141597,181,MHL,0,0,1,0,0,0,NA,NA,14,5,5,NA,NA,NA,5,10,50,NA,0,0.5,0.001881595,0.001881595,0.001881595,20,0,700,0,16,MHL,2305.628769,0.474618979,3.279617147,2.404964978,WPRB,0.014238569
182,FSM,Micronesia (Federated States of),Oceania,Oceania,113000,NA,NA,NA,NA,NA,NA,NA,0.636,113000,0.992544161,0.988557822,0.995348694,0,0,0,NA,NA,NA,NA,763.2666667,0.379489713,215.7461961,63.45479789,85.01141597,182,FSM,0,0,1,0,0,0,NA,NA,14,5,5,NA,NA,NA,5,10,50,NA,0,0.5,0.001881595,0.001881595,0.001881595,20,0,700,0,16,FSM,1911.310155,0.298782266,2.10043933,1.540266074,WPRB,0.008963468
183,NRU,Nauru,Oceania,Oceania,10300,NA,NA,NA,NA,NA,NA,NA,0.663,10299.80648,0.994781713,0.991656206,0.996899378,0,0,0,NA,NA,NA,NA,763.2666667,0.379489713,215.7461961,63.45479789,85.01141597,183,NRU,0,0,1,0,0,0,NA,NA,14,5,5,NA,NA,NA,5,10,50,NA,0,0.5,0.001881595,0.001881595,0.001881595,20,0,700,0,16,NRU,2305.628769,0.474618979,3.929845149,2.881781479,WPRB,0.014238569
184,NZL,New Zealand,Oceania,Oceania,4304000,NA,NA,NA,NA,NA,NA,NA,0.908,4304000,0.999798329,0.999413787,0.999936342,0,0,0,NA,NA,NA,NA,763.2666667,0.379489713,190.751729,63.45479789,82.7988274,184,NZL,0,0,1,0,0,0,NA,NA,14,5,5,NA,NA,NA,5,10,50,NA,0,0.5,0.001881595,0.001881595,0.001881595,20,0,700,0,16,NZL,32145.233,1.192064686,36.12262462,26.47905659,WPRA,0.095468713
185,NIU,Niue,Oceania,Oceania,1591,NA,NA,NA,NA,NA,NA,NA,0.908,1590.566428,0.999798329,0.999413787,0.999936342,0,0,0,NA,NA,NA,NA,763.2666667,0.379489713,215.7461961,63.45479789,85.01141597,185,NIU,0,0,1,0,0,0,NA,NA,14,5,5,NA,NA,NA,5,10,50,NA,0,0.5,0.001881595,0.001881595,0.001881595,20,0,700,0,16,NIU,2305.628769,0.474618979,2.710074372,1.987315488,WPRB,0.014238569
186,PLW,Palau,Oceania,Oceania,20318,NA,NA,NA,NA,NA,NA,NA,0.782,20317.60481,0.998923503,0.997762473,0.999515338,0,0,0,NA,NA,NA,NA,763.2666667,0.379489713,215.7461961,63.45479789,85.01141597,186,PLW,0,0,1,0,0,0,NA,NA,14,5,5,NA,NA,NA,5,10,50,NA,0,0.5,0.001881595,0.001881595,0.001881595,20,0,700,0,16,PLW,1919.1,0.3,8.814,6.463364583,WPRB,0.009
187,PNG,Papua New Guinea,Oceania,Oceania,6890000,NA,NA,NA,NA,NA,NA,NA,0.466,6890000,0.932792602,0.891809115,0.957925615,0,0,0,NA,NA,NA,NA,763.2666667,0.379489713,215.7461961,63.45479789,85.01141597,187,PNG,0,0,1,0,0,0,NA,NA,14,5,5,NA,NA,NA,5,10,50,NA,0,0.5,0.001881595,0.001881595,0.001881595,20,0,700,0,16,PNG,1488.032,0.646836005,2.667137654,1.955829709,WPRB,0.021600884
188,WSM,Samoa,Oceania,Oceania,181000,NA,NA,NA,NA,NA,NA,NA,0.688,181000,0.996252215,0.993709925,0.997878517,0,0,0,NA,NA,NA,NA,763.2666667,0.379489713,215.7461961,63.45479789,85.01141597,188,WSM,0,0,1,0,0,0,NA,NA,14,5,5,NA,NA,NA,5,10,50,NA,0,0.5,0.001881595,0.001881595,0.001881595,20,0,700,0,16,WSM,3189.15,0.509822697,4.19757093,3.078106567,WPRB,0.016923613
189,SLB,Solomon Islands,Oceania,Oceania,534000,NA,NA,NA,NA,NA,NA,NA,0.51,534000,0.961415909,0.940623151,0.974405449,0,0,0,NA,NA,NA,NA,763.2666667,0.379489713,215.7461961,63.45479789,85.01141597,189,SLB,0,0,1,0,0,0,NA,NA,14,5,5,NA,NA,NA,5,10,50,NA,0,0.5,0.001881595,0.001881595,0.001881595,20,0,700,0,16,SLB,1340.376,0.437619495,3.124283756,2.291057973,WPRB,0.01583786
190,TON,Tonga,Oceania,Oceania,104000,NA,NA,NA,NA,NA,NA,NA,0.704,104000,0.996968386,0.994752951,0.998335853,0,0,0,NA,NA,NA,NA,763.2666667,0.379489713,215.7461961,63.45479789,85.01141597,190,TON,0,0,1,0,0,0,NA,NA,14,5,5,NA,NA,NA,5,10,50,NA,0,0.5,0.001881595,0.001881595,0.001881595,20,0,700,0,16,TON,3518.289,0.483611547,3.986569453,2.923377786,WPRB,0.0164196
191,TUV,Tuvalu,Oceania,Oceania,9885,NA,NA,NA,NA,NA,NA,NA,0.583,9884.678424,0.985026892,0.978007981,0.989933138,0,0,0,NA,NA,NA,NA,763.2666667,0.379489713,215.7461961,63.45479789,85.01141597,191,TUV,0,0,1,0,0,0,NA,NA,14,5,5,NA,NA,NA,5,10,50,NA,0,0.5,0.001881595,0.001881595,0.001881595,20,0,700,0,16,TUV,2305.628769,0.474618979,3.246393819,2.380602091,WPRB,0.014238569
192,VUT,Vanuatu,Oceania,Oceania,246000,NA,NA,NA,NA,NA,NA,NA,0.617,246000,0.990421295,0.985674478,0.993857138,0,0,0,NA,NA,NA,NA,763.2666667,0.379489713,215.7461961,63.45479789,85.01141597,192,VUT,0,0,1,0,0,0,NA,NA,14,5,5,NA,NA,NA,5,10,50,NA,0,0.5,0.001881595,0.001881595,0.001881595,20,0,700,0,16,VUT,2896.352,0.609666288,4.430149271,3.248657805,WPRB,0.020091543
